<?xml version="1.0" encoding="UTF-8"?>
<questel-patent-document lang="en" date-produced="20180805" produced-by="Questel" schema-version="3.23" file="US06181472B2.xml">
  <bibliographic-data lang="en">
    <publication-reference publ-desc="Granted patent as second publication">
      <document-id>
        <country>US</country>
        <doc-number>06181472</doc-number>
        <kind>B2</kind>
        <date>20010130</date>
      </document-id>
      <document-id data-format="questel">
        <doc-number>US6181472</doc-number>
      </document-id>
    </publication-reference>
    <original-publication-kind>B2</original-publication-kind>
    <application-reference family-id="22251617" extended-family-id="1202347">
      <document-id>
        <country>US</country>
        <doc-number>09095367</doc-number>
        <kind>A</kind>
        <date>19980610</date>
      </document-id>
      <document-id data-format="questel">
        <doc-number>1998US-09095367</doc-number>
      </document-id>
      <document-id data-format="questel_Uid">
        <doc-number>1245831</doc-number>
      </document-id>
    </application-reference>
    <language-of-filing>en</language-of-filing>
    <language-of-publication>en</language-of-publication>
    <priority-claims>
      <priority-claim kind="national" sequence="1">
        <country>US</country>
        <doc-number>9536798</doc-number>
        <kind>A</kind>
        <date>19980610</date>
        <priority-active-indicator>Y</priority-active-indicator>
      </priority-claim>
      <priority-claim data-format="questel" sequence="1">
        <doc-number>1998US-09095367</doc-number>
      </priority-claim>
    </priority-claims>
    <dates-of-public-availability>
      <publication-of-grant-date>
        <date>20010130</date>
      </publication-of-grant-date>
    </dates-of-public-availability>
    <classifications-ipcr>
      <classification-ipcr sequence="1">
        <text>G02B  27/10        20060101A I20051008RMEP</text>
        <ipc-version-indicator>
          <date>20060101</date>
        </ipc-version-indicator>
        <classification-level>A</classification-level>
        <section>G</section>
        <class>02</class>
        <subclass>B</subclass>
        <main-group>27</main-group>
        <subgroup>10</subgroup>
        <classification-value>I</classification-value>
        <generating-office>
          <country>EP</country>
        </generating-office>
        <classification-status>R</classification-status>
        <classification-data-source>M</classification-data-source>
        <action-date>
          <date>20051008</date>
        </action-date>
      </classification-ipcr>
    </classifications-ipcr>
    <classification-national>
      <country>US</country>
      <main-classification>
        <text>359618000</text>
        <class>359</class>
        <subclass>618000</subclass>
      </main-classification>
      <further-classification sequence="1">
        <text>359717000</text>
        <class>359</class>
        <subclass>717000</subclass>
      </further-classification>
      <further-classification sequence="2">
        <text>359719000</text>
        <class>359</class>
        <subclass>719000</subclass>
      </further-classification>
    </classification-national>
    <classifications-ecla>
      <classification-ecla sequence="1">
        <text>G02B-027/10Z1</text>
        <section>G</section>
        <class>02</class>
        <subclass>B</subclass>
        <main-group>027</main-group>
        <subgroup>10Z1</subgroup>
      </classification-ecla>
      <classification-ecla sequence="2">
        <text>G02B-027/10E</text>
        <section>G</section>
        <class>02</class>
        <subclass>B</subclass>
        <main-group>027</main-group>
        <subgroup>10E</subgroup>
      </classification-ecla>
    </classifications-ecla>
    <patent-classifications>
      <patent-classification sequence="1">
        <classification-scheme office="EP" scheme="CPC">
          <date>20130101</date>
        </classification-scheme>
        <classification-symbol>G02B-027/1093</classification-symbol>
        <section>G</section>
        <class>02</class>
        <subclass>B</subclass>
        <main-group>27</main-group>
        <subgroup>1093</subgroup>
        <symbol-position>F</symbol-position>
        <classification-value>I</classification-value>
        <classification-status>B</classification-status>
        <classification-data-source>H</classification-data-source>
        <action-date>
          <date>20130101</date>
        </action-date>
      </patent-classification>
      <patent-classification sequence="2">
        <classification-scheme office="EP" scheme="CPC">
          <date>20130101</date>
        </classification-scheme>
        <classification-symbol>G02B-027/106</classification-symbol>
        <section>G</section>
        <class>02</class>
        <subclass>B</subclass>
        <main-group>27</main-group>
        <subgroup>106</subgroup>
        <symbol-position>L</symbol-position>
        <classification-value>I</classification-value>
        <classification-status>B</classification-status>
        <classification-data-source>H</classification-data-source>
        <action-date>
          <date>20130101</date>
        </action-date>
      </patent-classification>
    </patent-classifications>
    <number-of-claims>37</number-of-claims>
    <exemplary-claim>1</exemplary-claim>
    <figures>
      <number-of-drawing-sheets>11</number-of-drawing-sheets>
      <number-of-figures>12</number-of-figures>
      <image-key data-format="questel">US6181472</image-key>
    </figures>
    <invention-title format="original" lang="en" id="title_en">Method and system for imaging an object with a plurality of optical beams</invention-title>
    <references-cited>
      <citation srep-phase="examiner">
        <patcit num="1">
          <text>CRABB ROBERT M, et al</text>
          <document-id>
            <country>US</country>
            <doc-number>4650333</doc-number>
            <kind>A</kind>
          </document-id>
          <document-id data-format="questel">
            <doc-number>US4650333</doc-number>
          </document-id>
        </patcit>
      </citation>
      <citation srep-phase="examiner">
        <patcit num="2">
          <text>SVETKOFF DONALD J, et al</text>
          <document-id>
            <country>US</country>
            <doc-number>5024529</doc-number>
            <kind>A</kind>
          </document-id>
          <document-id data-format="questel">
            <doc-number>US5024529</doc-number>
          </document-id>
        </patcit>
      </citation>
      <citation srep-phase="examiner">
        <patcit num="3">
          <text>YAMAZAKI ISAO, et al</text>
          <document-id>
            <country>US</country>
            <doc-number>5142140</doc-number>
            <kind>A</kind>
          </document-id>
          <document-id data-format="questel">
            <doc-number>US5142140</doc-number>
          </document-id>
        </patcit>
      </citation>
      <citation srep-phase="examiner">
        <patcit num="4">
          <text>NARUKAWA YASUNORI, et al</text>
          <document-id>
            <country>US</country>
            <doc-number>5347124</doc-number>
            <kind>A</kind>
          </document-id>
          <document-id data-format="questel">
            <doc-number>US5347124</doc-number>
          </document-id>
        </patcit>
      </citation>
      <citation srep-phase="examiner">
        <patcit num="5">
          <text>ORII MASAHARU</text>
          <document-id>
            <country>US</country>
            <doc-number>5475539</doc-number>
            <kind>A</kind>
          </document-id>
          <document-id data-format="questel">
            <doc-number>US5475539</doc-number>
          </document-id>
        </patcit>
      </citation>
      <citation srep-phase="examiner">
        <patcit num="6">
          <text>OTA KAZUYA</text>
          <document-id>
            <country>US</country>
            <doc-number>5721607</doc-number>
            <kind>A</kind>
          </document-id>
          <document-id data-format="questel">
            <doc-number>US5721607</doc-number>
          </document-id>
        </patcit>
      </citation>
      <citation srep-phase="examiner">
        <patcit num="7">
          <text>COSTA PAT V, et al</text>
          <document-id>
            <country>US</country>
            <doc-number>5723869</doc-number>
            <kind>A</kind>
          </document-id>
          <document-id data-format="questel">
            <doc-number>US5723869</doc-number>
          </document-id>
        </patcit>
      </citation>
      <citation srep-phase="examiner">
        <patcit num="8">
          <text>SVETKOFF DONALD J, et al</text>
          <document-id>
            <country>US</country>
            <doc-number>5815275</doc-number>
            <kind>A</kind>
          </document-id>
          <document-id data-format="questel">
            <doc-number>US5815275</doc-number>
          </document-id>
        </patcit>
      </citation>
      <citation srep-phase="applicant">
        <patcit num="9">
          <text>NICKEL G</text>
          <document-id>
            <country>US</country>
            <doc-number>3741648</doc-number>
            <kind>A</kind>
          </document-id>
          <document-id data-format="questel">
            <doc-number>US3741648</doc-number>
          </document-id>
        </patcit>
      </citation>
      <citation srep-phase="applicant">
        <patcit num="10">
          <text>BUCY SHAWN G, et al</text>
          <document-id>
            <country>US</country>
            <doc-number>3900851</doc-number>
            <kind>A</kind>
          </document-id>
          <document-id data-format="questel">
            <doc-number>US3900851</doc-number>
          </document-id>
        </patcit>
      </citation>
      <citation srep-phase="applicant">
        <patcit num="11">
          <text>SPAULDING RICHARD A, et al</text>
          <document-id>
            <country>US</country>
            <doc-number>4000493</doc-number>
            <kind>A</kind>
          </document-id>
          <document-id data-format="questel">
            <doc-number>US4000493</doc-number>
          </document-id>
        </patcit>
      </citation>
      <citation srep-phase="applicant">
        <patcit num="12">
          <text>RENO CHARLES W</text>
          <document-id>
            <country>US</country>
            <doc-number>4449212</doc-number>
            <kind>A</kind>
          </document-id>
          <document-id data-format="questel">
            <doc-number>US4449212</doc-number>
          </document-id>
        </patcit>
      </citation>
      <citation srep-phase="applicant">
        <patcit num="13">
          <text>FREYRE FREDERICK W, et al</text>
          <document-id>
            <country>US</country>
            <doc-number>4460250</doc-number>
            <kind>A</kind>
          </document-id>
          <document-id data-format="questel">
            <doc-number>US4460250</doc-number>
          </document-id>
        </patcit>
      </citation>
      <citation srep-phase="applicant">
        <patcit num="14">
          <text>SULLIVAN SEAN, et al</text>
          <document-id>
            <country>US</country>
            <doc-number>4541694</doc-number>
            <kind>A</kind>
          </document-id>
          <document-id data-format="questel">
            <doc-number>US4541694</doc-number>
          </document-id>
        </patcit>
      </citation>
      <citation srep-phase="applicant">
        <patcit num="15">
          <text>ABRAMOVITZ IRWIN J</text>
          <document-id>
            <country>US</country>
            <doc-number>4575191</doc-number>
            <kind>A</kind>
          </document-id>
          <document-id data-format="questel">
            <doc-number>US4575191</doc-number>
          </document-id>
        </patcit>
      </citation>
      <citation srep-phase="applicant">
        <patcit num="16">
          <text>AMANO SATORU</text>
          <document-id>
            <country>US</country>
            <doc-number>4624534</doc-number>
            <kind>A</kind>
          </document-id>
          <document-id data-format="questel">
            <doc-number>US4624534</doc-number>
          </document-id>
        </patcit>
      </citation>
      <citation srep-phase="applicant">
        <patcit num="17">
          <text>CASASENT DAVID</text>
          <document-id>
            <country>US</country>
            <doc-number>4660167</doc-number>
            <kind>A</kind>
          </document-id>
          <document-id data-format="questel">
            <doc-number>US4660167</doc-number>
          </document-id>
        </patcit>
      </citation>
      <citation srep-phase="applicant">
        <patcit num="18">
          <text>LABRUM JOSEPH H, et al</text>
          <document-id>
            <country>US</country>
            <doc-number>4722596</doc-number>
            <kind>A</kind>
          </document-id>
          <document-id data-format="questel">
            <doc-number>US4722596</doc-number>
          </document-id>
        </patcit>
      </citation>
      <citation srep-phase="applicant">
        <patcit num="19">
          <text>ARIMOTO AKIRA, et al</text>
          <document-id>
            <country>US</country>
            <doc-number>4725855</doc-number>
            <kind>A</kind>
          </document-id>
          <document-id data-format="questel">
            <doc-number>US4725855</doc-number>
          </document-id>
        </patcit>
      </citation>
      <citation srep-phase="applicant">
        <patcit num="20">
          <text>SHIMAZU SHIGEAKI, et al</text>
          <document-id>
            <country>US</country>
            <doc-number>4867542</doc-number>
            <kind>A</kind>
          </document-id>
          <document-id data-format="questel">
            <doc-number>US4867542</doc-number>
          </document-id>
        </patcit>
      </citation>
      <citation srep-phase="applicant">
        <patcit num="21">
          <text>NOGUCHI MASARU</text>
          <document-id>
            <country>US</country>
            <doc-number>4974943</doc-number>
            <kind>A</kind>
          </document-id>
          <document-id data-format="questel">
            <doc-number>US4974943</doc-number>
          </document-id>
        </patcit>
      </citation>
      <citation srep-phase="applicant">
        <patcit num="22">
          <text>KUDOH YOSHIHIKO, et al</text>
          <document-id>
            <country>US</country>
            <doc-number>5144602</doc-number>
            <kind>A</kind>
          </document-id>
          <document-id data-format="questel">
            <doc-number>US5144602</doc-number>
          </document-id>
        </patcit>
      </citation>
      <citation srep-phase="applicant">
        <patcit num="23">
          <text>BROOKS WILLIAM M</text>
          <document-id>
            <country>US</country>
            <doc-number>5146358</doc-number>
            <kind>A</kind>
          </document-id>
          <document-id data-format="questel">
            <doc-number>US5146358</doc-number>
          </document-id>
        </patcit>
      </citation>
      <citation srep-phase="applicant">
        <patcit num="24">
          <text>OGAWA HIDEAKI, et al</text>
          <document-id>
            <country>US</country>
            <doc-number>5225924</doc-number>
            <kind>A</kind>
          </document-id>
          <document-id data-format="questel">
            <doc-number>US5225924</doc-number>
          </document-id>
        </patcit>
      </citation>
      <citation srep-phase="applicant">
        <patcit num="25">
          <text>HARTUP DAVID C, et al</text>
          <document-id>
            <country>US</country>
            <doc-number>5281907</doc-number>
            <kind>A</kind>
          </document-id>
          <document-id data-format="questel">
            <doc-number>US5281907</doc-number>
          </document-id>
        </patcit>
      </citation>
      <citation srep-phase="applicant">
        <patcit num="26">
          <text>KOBAYASHI KOJI</text>
          <document-id>
            <country>US</country>
            <doc-number>5353073</doc-number>
            <kind>A</kind>
          </document-id>
          <document-id data-format="questel">
            <doc-number>US5353073</doc-number>
          </document-id>
        </patcit>
      </citation>
      <citation srep-phase="applicant">
        <patcit num="27">
          <text>SUTTON PHILIP, et al</text>
          <document-id>
            <country>US</country>
            <doc-number>5363221</doc-number>
            <kind>A</kind>
          </document-id>
          <document-id data-format="questel">
            <doc-number>US5363221</doc-number>
          </document-id>
        </patcit>
      </citation>
      <citation srep-phase="applicant">
        <patcit num="28">
          <text>SHINOHARA KOUICHIROU</text>
          <document-id>
            <country>US</country>
            <doc-number>5457567</doc-number>
            <kind>A</kind>
          </document-id>
          <document-id data-format="questel">
            <doc-number>US5457567</doc-number>
          </document-id>
        </patcit>
      </citation>
      <citation srep-phase="applicant">
        <patcit num="29">
          <text>SHINADA HIDETOSHI</text>
          <document-id>
            <country>US</country>
            <doc-number>5528412</doc-number>
            <kind>A</kind>
          </document-id>
          <document-id data-format="questel">
            <doc-number>US5528412</doc-number>
          </document-id>
        </patcit>
      </citation>
      <citation srep-phase="applicant">
        <patcit num="30">
          <text>COSTA PAT V, et al</text>
          <document-id>
            <country>US</country>
            <doc-number>5554858</doc-number>
            <kind>A</kind>
          </document-id>
          <document-id data-format="questel">
            <doc-number>US5554858</doc-number>
          </document-id>
        </patcit>
      </citation>
      <citation srep-phase="applicant">
        <patcit num="31">
          <text>SVETKOFF DONALD J, et al</text>
          <document-id>
            <country>US</country>
            <doc-number>5617209</doc-number>
            <kind>A</kind>
          </document-id>
          <document-id data-format="questel">
            <doc-number>US5617209</doc-number>
          </document-id>
        </patcit>
      </citation>
      <citation srep-phase="applicant">
        <patcit num="32">
          <text>NIKOONAHAD MEHRDAD</text>
          <document-id>
            <country>US</country>
            <doc-number>5633747</doc-number>
            <kind>A</kind>
          </document-id>
          <document-id data-format="questel">
            <doc-number>US5633747</doc-number>
          </document-id>
        </patcit>
      </citation>
      <citation srep-phase="applicant">
        <patcit num="33">
          <text>LIU KUO-CHING, et al</text>
          <document-id>
            <country>US</country>
            <doc-number>5859924</doc-number>
            <kind>A</kind>
          </document-id>
          <document-id data-format="questel">
            <doc-number>US5859924</doc-number>
          </document-id>
        </patcit>
      </citation>
    </references-cited>
    <parties>
      <applicants>
        <applicant data-format="original" app-type="applicant" sequence="1">
          <addressbook lang="en">
            <orgname>Robotic Vision Systems, Inc.</orgname>
            <address>
              <address-1>Hauppauge, NY, US</address-1>
              <city>Hauppauge</city>
              <state>NY</state>
              <country>US</country>
            </address>
          </addressbook>
          <nationality>
            <country>US</country>
          </nationality>
        </applicant>
        <applicant data-format="questel" app-type="applicant" sequence="2">
          <addressbook lang="en">
            <orgname>ROBOTIC VISION SYSTEMS</orgname>
          </addressbook>
          <nationality>
            <country>US</country>
          </nationality>
        </applicant>
      </applicants>
      <inventors>
        <inventor data-format="original" sequence="1">
          <addressbook lang="en">
            <name>Liu, Kuo-Ching</name>
            <address>
              <address-1>Setauket, NY, US</address-1>
              <city>Setauket</city>
              <state>NY</state>
              <country>US</country>
            </address>
          </addressbook>
          <nationality>
            <country>US</country>
          </nationality>
        </inventor>
      </inventors>
      <agents>
        <agent sequence="1" rep-type="agent">
          <addressbook lang="en">
            <orgname>Kenyon &amp; Kenyon</orgname>
          </addressbook>
        </agent>
      </agents>
    </parties>
    <examiners>
      <primary-examiner>
        <name>Epps, Georgia</name>
      </primary-examiner>
    </examiners>
    <lgst-data>
      <lgst-status>EXPIRED</lgst-status>
    </lgst-data>
  </bibliographic-data>
  <abstract format="original" lang="en" id="abstr_en">
    <p id="P-EN-00001" num="00001">
      <br/>
      A diffracting beam splitter splits an optical beam.
      <br/>
      The resulting beams are swept over an object by a beam deflector.
      <br/>
      The beams are mechanically scanned transverse to the beam deflection direction.
      <br/>
      A position sensitive device receives light reflected from the incident beams and a three dimensional profile of the object is produced.
    </p>
  </abstract>
  <description format="original" lang="en" id="desc_en">
    <heading>FIELD OF INVENTION</heading>
    <p num="1">
      The present invention is directed to a method and system for imaging selected features of an object.
      <br/>
      In particular, the present invention is directed to collecting three-dimensional data concerning features of an object, and using such data to determine, for example, the dimensions and relative positions of the features.
    </p>
    <heading>BACKGROUND INFORMATION</heading>
    <p num="2">
      The complexity of semiconductor chips has increased dramatically over the past several years.
      <br/>
      Such increased complexity has lead to an increase in the number of input and output leads or contacts required for each chip package.
      <br/>
      Further, with this increased complexity and the constant need to shorten chip production times, methods and systems for more rapid and accurate inspection of chip packages are needed.
    </p>
    <p num="3">
      Three dimensional laser beam sensor systems utilizing laser optical triangulation have been used to inspect chip packages.
      <br/>
      Such a system consists of a semiconductor diode laser, a beam deflector (for example, an acousto-optical (AO) deflector, also called an AO modulator) and a position sensitive device (PSD).
      <br/>
      The laser diode provides the light source for measurements.
      <br/>
      The beam deflector directs the laser beam to "sweep" the target object along a "sweep" direction.
      <br/>
      It will be observed that the terms "sweep" and "scan" may be used interchangeably.
      <br/>
      However, "sweep" will be used generally herein to refer to the specific "scanning" produced by a beam deflector, or AO deflector.
      <br/>
      Accordingly, to cover the entire target area, such systems typically rely on a mechanical scan, or translation, of the sensor system, or equivalently, the target object, in a direction perpendicular to the AO sweep direction.
      <br/>
      The PSD measures the height of the target object at each scan point and the data are stored until an image record for the entire object or a selected portion is collected.
      <br/>
      The stored image record may then be compared to a manufacturer's specification for the object or a selected portion to determine whether the object meets specification.
    </p>
    <p num="4">
      U.S. Pat. No. 5,554,858 issued to Costa et al. (the "'858 patent"), expressly incorporated herein by reference, describes one such system.
      <br/>
      A laser light source combined with an AO deflector is positioned to illuminate an object and sweep along the AO deflection direction while commercially available linear motion tables provide the transverse scanning translation.
      <br/>
      PSD sensors are positioned on both sides of the incident beam to receive light reflected from the sample and imaged into the PSDs by lenses.
      <br/>
      Further, the '858 patent describes use of multi-channel PSDs to collect the imaging data.
      <br/>
      A PSD provides an analog output current ratio proportional to the position of a light spot falling along its length.
      <br/>
      A multi-channel PSD has a segmented photo-sensitive area, the multiple segments comprising the multiple data channels.
      <br/>
      When used with a selective sampling technique, the multi-channel PSD can reduce the effect of stray or multipli-reflected light.
    </p>
    <p num="5">
      U.S. Pat. No. 5,859,924 to Liu et al. (the "'924 patent"), expressly incorporated herein by reference, describes another such system.
      <br/>
      The '924 patent describes another scanning system using optical triangulation techniques.
      <br/>
      This system uses a laser beam and AO deflector and one or more photosensitive devices to collect light reflected off-axially (from the axis of the incident light source) from the target object.
      <br/>
      Further, the system uses a polarizing beam splitter in the optical path of the incident beam to direct light reflected co-axially from the target object into a photo diode array for intensity measurement.
    </p>
    <p num="6">
      In conventional three-dimensional scanning systems such as the aforementioned, the AO deflecting swath is limited by the finite bandwidth of the AO device.
      <br/>
      An AO device deflects an optical beam by having an ultrasonic sound wave applied by piezo-electric signal transducers to a suitable crystalline material.
      <br/>
      The resultant sound wave in the crystal produces a periodic variation in the crystal's index of refraction which is used to diffract a fraction of an incident beam of monochromatic light.
      <br/>
      This fraction of the incident beam of monochromatic light is called the first order diffracted output.
      <br/>
      If no RF signal is applied, only the zero order non-diffracted incident beam will exit from the AO device.
    </p>
    <p num="7">The angle of diffraction  THETA  of the first order output from the incident beam direction is given approximately by:  (Equation image '1' not included in text)</p>
    <p num="8">
      where  LAMBDA  is the wavelength of the incident beam measured in air, f is the ultrasonic frequency of the sound wave, and V is the ultrasonic velocity of the sound wave.
      <br/>
      Those skilled in the art will appreciate from equation (1) that the diffraction angle  THETA  varies directly with the ultrasonic frequency f. Therefore, since the process is linear, an AO diffraction angle range or "sweep angle" range,  DELTA  THETA , is proportional to a change in the ultrasonic frequency,  DELTA f, according to:  (Equation image '2' not included in text)
    </p>
    <p num="9">
      The first order output can be quickly "swept" through the AO sweep angle range by continuously changing the ultrasonic drive frequency to the AO deflector.
      <br/>
      Equation (2) shows that the maximum AO sweep angle range is limited by the bandwidth, or range of frequencies, which can be used with the AO deflector.
      <br/>
      Thus, the smaller the AO bandwidth, the smaller the concomitant AO sweep angle range and the more mechanical scans required to complete a given area measurement.
      <br/>
      For example, to cover a 12" * 8" ball grid array tray or an 8" flip chip wafer with an AO deflector scanning with a single beam, several hundred parallel mechanical scans might be required.
    </p>
    <p num="10">
      Other beam deflectors such as rotating polygonal scanners or galvanometer mirrors can also sweep a beam through a finite angle in a finite time.
      <br/>
      The speed limitations of these devices similarly impose a speed constraint on the operation of any scanning system in which they function.
    </p>
    <p num="11">
      Further, the speed of a system using a conventional PSD will be limited by the design and physical parameters of the PSD and its associated electronics.
      <br/>
      A current state-of-the-art PSD may have rise and fall times of a few hundred nanoseconds each.
      <br/>
      Therefore, the maximum throughput from a real time 3D sensor is limited by the bandwidths of both the AO deflector and the PSD.
    </p>
    <heading>SUMMARY OF THE INVENTION</heading>
    <p num="12">
      The present invention is directed to a system for quickly and accurately measuring features of objects.
      <br/>
      In an exemplary embodiment, a system is provided that simultaneously scans with and collects data from multiple laser beams incident upon the target object.
      <br/>
      Specifically, multiple laser beams are swept across a sample by a beam deflector and the multiple reflected beams are imaged into one or more PSDs for determination of a 3D profile of the target object.
    </p>
    <p num="13">
      In accordance with the exemplary embodiment of the present invention, the light source is first transmitted through a beam deflector.
      <br/>
      The thus deflected beam is then directed to a diffracting beam splitter (DBS), also known in the art as a diffraction grating.
      <br/>
      The DBS is designed to diffract the beam into multiple orders.
      <br/>
      The resulting multiple beams are focused upon the target object to form multiple spots at the points of impingement at known X-Y positions on the object.
      <br/>
      The multiple laser beams are reflected by the object and this reflected light is imaged onto one or more multi-channel PSDs.
    </p>
    <p num="14">
      If an AO deflector is used with a DBS, for example, and the devices are chosen such that the separation of adjacent diffraction orders of the DBS is equal to or slightly smaller than the AO sweep angle range,  DELTA  THETA , then there will be continuous angular coverage by the laser scan.
      <br/>
      The overall angular coverage of the combined devices will be "n" times  DELTA  THETA , where "n" is the total number of diffraction orders produced by the DBS including the zeroth order.
      <br/>
      A typical DBS is fabricated by a lithography technique with a computer generated mask.
      <br/>
      A commercial DBS may have from a few up to several tens of diffracting orders with a dot pattern uniform in both space and energy distribution.
      <br/>
      Therefore, the present exemplary embodiment of the invention provides multiple evenly separated laser spots scanning synchronously across the target.
    </p>
    <p num="15">
      Analog signals generated by the one or more PSDs are related to the position(s) where the reflected light is focused on to the PSDs.
      <br/>
      These signals are used to calculate the Z coordinates of the object (i.e., the height) at the points of impingement of the source laser beams on the object.
      <br/>
      These coordinates are calculated using standard optical triangulation principles.
      <br/>
      The three-dimensional (3D) information can then be compared to manufacturer's specifications for a packaged device to determine if, for example, each solder ball or bump on a device such as a ball grid array, is the correct height.
      <br/>
      Additionally, the information can be used for determining co-planarity of the ball tops and/or warpage of the substrate.
    </p>
    <heading>BRIEF DESCRIPTION OF THE DRAWINGS</heading>
    <p num="16">
      The foregoing and other features of the present invention will be more readily apparent from the following detailed description of exemplary embodiments taken in conjunction with the attached drawings wherein:
      <br/>
      FIG. 1 is a diagram of a prior art scanning system using a single channel PSD system;
      <br/>
      FIG. 2 is a diagram of a prior art scanning system using a multi-channel PSD;
      <br/>
      FIG. 3 is a diagram of a prior art system using a polarizing beam splitter in combination with several photosensitive detectors, in addition to the position sensing detectors;
      <br/>
      FIG. 4 is a diagram of an exemplary embodiment of the present invention;
      <br/>
      FIG. 5 illustrates the effect of a diffracting beam splitter (DBS) upon an incident laser beam;
      <br/>
      FIG. 6 illustrates the effect of an acousto-optical (AO) deflector and a DBS on an incident laser beam;
      <br/>
      FIG. 7 is a diagram of a second exemplary embodiment of the present invention;
      <br/>
      FIG. 8 illustrates the imaging of object height onto a photodetector for optical triangulation;
      <br/>
      FIG. 9 depicts the imaging of multiple reflected laser beams onto a multi-channel PSD.
      <br/>
      FIG. 10 depicts detail of the imaging of multiple reflected laser beams onto a multi-channel PSD;
      <br/>
      FIG. 11 is a flow chart of an embodiment of a method according to the invention; and
      <br/>
      FIG. 12 depicts the steps in another embodiment of a method according to the invention.
    </p>
    <heading>DETAILED DESCRIPTION</heading>
    <p num="17">Prior Art Scanning Systems</p>
    <p num="18">
      Referring now to the drawings, and initially FIG. 1, there is illustrated a typical prior art scanning system.
      <br/>
      A source of light, laser 101, is positioned to scan object 102 located in object plane 103.
      <br/>
      A laser beam 104 from laser 101 is directed through an AO modulator 105.
      <br/>
      A stationary zero order beam 106 exits from AO modulator 105 and is discarded.
      <br/>
      When driven by RF signal source 107, a first order deflected beam 108 emerges in the Y-Z plane from AO modulator 105 and is focused through optical system 109 to impinge at a spot 110 on object 102.
      <br/>
      When driven by a continuously frequency shifted R.F. signal source 107, beam 108 sweeps a finite line segment on object 102 (which is not shown for convenience) along Y in the X-Y plane.
      <br/>
      The laser beam 108 is scattered from object 102.
      <br/>
      Scattered light 111 and 112 are collected by optical systems 113 and 114 respectively and focused onto respective single channel PSDs 115 and 116.
      <br/>
      The image height (Z-coordinate) is then calculated based on where the focused reflected light impinges the PSD using standard optical laser triangulation techniques.
      <br/>
      The finite line segment swept by the beam 108 is mechanically scanned in the X-direction, perpendicular to the AO modulator 105 scan direction in Y, to collect 3-D data for all the desired regions of the object 102.
      <br/>
      Such a system is limited in its collection speed by the scan speed and scan angle of AO modulator 105 and the response time of the two PSDs 115 and 116.
    </p>
    <p num="19">
      A similar prior art scanning system is shown in FIG. 2.
      <br/>
      This system differs from that of FIG. 1 only in that PSDs 215 and 216 are multi-channel units as described in the '858 patent.
      <br/>
      Such a system is also limited by the scan speed and angle of AO modulator 205.
    </p>
    <p num="20">
      A third prior art scanning system is illustrated in FIG. 3.
      <br/>
      A light source 301 is positioned by a motion system not shown to illuminate an object 302.
      <br/>
      Light, e.g., a laser beam 303, is directed to an AO deflector 304 which selectively deflects the laser beam 303 in its first (or alternatively minus first) order.
      <br/>
      The undeflected zero order is ignored in the figure.
      <br/>
      The motion system combined with the AO deflector allow the scanning system to scan a selected region of the object 302.
    </p>
    <p num="21">
      From the AO deflector 304, the laser beam 303 is directed to a polarizing beam splitter 305 through an optical system 306 (comprised of, e.g., two plano-convex cylindrical lenses, and a half wave plate).
      <br/>
      The polarizing beam splitter 305 reflects light that is polarized in the X direction.
      <br/>
      Since the laser beam 303 has polarization that is primarily in the Y direction, most of the laser beam 303 will pass through the beam splitter 305. (A small portion of laser beam 303 is directed to photo diode array 319 for optional normalization.) From the beam splitter 305, the laser beam 303 passes through a quarter wave plate 307 (which changes the linear polarized light to a circular polarization), and is focused and directed through an optical system 308 to form a focused spot 309 at the point of impingement on the object 302 at a known X-Y position.
    </p>
    <p num="22">
      The laser beam 303 impinging the object 302 at focused spot 309 is reflected.
      <br/>
      The light reflected off-axially with respect to the laser beam 303 (310, 311) is focused through two optical systems 312 and 313 (each comprised of, e.g., two lenses) on to two photo sensitive devices, such as PSDs 314 and 315.
      <br/>
      Analog signals generated by the PSDs 314 and 315 related to the detected position where the reflected light impinged the PSDs 314 and 315 are transmitted to process electronics not shown.
    </p>
    <p num="23">
      Retro-reflected light is also detected and measured (simultaneously with collecting the 3D data).
      <br/>
      In particular, light reflected from the focused spot 309 back toward the light source 301, i.e., retro-reflected light, is focused and directed through optical system 308 and quarter wave plate 307 to beam splitter 305.
      <br/>
      The quarter wave plate 307 changes the polarization of the retro-reflected light to a linear polarization and the polarization is in the X direction.
      <br/>
      Accordingly, beam splitter 305 reflects the retro-reflected light through an optical system 316 (comprised of, e.g., an achromatic lens) onto a photo diode array 317.
      <br/>
      The analog signals generated by the photo diode array 317 related to the intensity of light impinging the photo diode array 317 and the optional normalization photo diode 319 intensity are transmitted to the process electronics.
    </p>
    <p num="24">
      The analog signals from the photo sensitive devices, i.e., PSDs 314 and 315, and photo diode arrays 317 and 319 are processed and analyzed by process electronics and a computer not shown.
      <br/>
      In particular, the analog signals are converted to digital signals (via an A/D convertor).
      <br/>
      Z coordinates are determined from the data received from the PSDs 314 and 315 as described above.
      <br/>
      The data collected from photo diode array 319 (i.e., representing the intensity of the source laser beam) is used to normalize the data collected by photo diode array 317 (in order to maintain the accuracy of the data in the event of fluctuating laser output).
      <br/>
      The process electronics not shown then assembles data from the photo diode arrays 317 and 319, the Z coordinates, and the X and Y positions into data packets and transmits the packets to the computer.
      <br/>
      The computer receives the packets and calculates an X-Y-Z profile of the object 302.
    </p>
    <p num="25">
      This prior art scanning system is also limited by the finite scan rate and angle of the AO deflector.
      <br/>
      It will also be observed that the polarizing beam splitter of this prior art system does not produce multiple beams for incidence upon the target object.
      <br/>
      Rather the polarizing beam splitter mainly serves to allow photo-detection of light retro-reflected from the target object co-axially with the incident laser beam.
    </p>
    <p num="26">Exemplary Embodiments</p>
    <p num="27">
      FIG. 4 is a diagram of an exemplary embodiment of the present invention which overcomes several shortcomings of the prior art.
      <br/>
      A light source 401, e.g., a SDL-5400 semiconductor diode laser, wavelength=830 nm, with a TEM00 mode spatial distribution, is positioned by a motion system, not illustrated, to provide light for illumination of target object 402.
      <br/>
      A laser beam 403 from light source 401 is directed to optical system 404, e.g., af=5 mm lens, which collimates and directs the beam to an AO deflector 405.
      <br/>
      The first order deflected beam 403A from the AO deflector 405 scans through a finite sweep angle, e.g., 1.5 degrees, defined by the RF driving frequency (e.g., f=120 to 240 MHZ) and the deflector material, e.g., PbMoO4. The undeflected zero order is ignored in the figure.
      <br/>
      The deflection of beam 403A with time is not illustrated in FIG. 3, i.e., the beam is depicted at one instant in the illustration.
      <br/>
      Optical system 406, e.g., a f=20 mm lens, images deflected beam 403 onto a diffraction beam splitter 407 (DBS).
      <br/>
      Optical system 406 is positioned such that AO deflector 405 and DBS 407 are at mutual conjugate planes so that the light to be deflected and diffracted is effectively at a common position.
    </p>
    <p num="28">
      The deflected (not illustrated) diffracted beams 408 are focused by optical system 409, e.g., a f=40 mm lens, onto target object 402.
      <br/>
      Optical system 411, e.g., a f=25 mm lens, images the reflected light 410 from each diffraction order into a separate PSD channel in the multi-channel PSD 412.
      <br/>
      In the exemplary embodiment, there are corresponding PSD channels for each diffraction order, e.g., if there are "n" laser beams 408 output from the DBS and incident on the target sample, there are "n" PSD channels.
      <br/>
      Of course, in other embodiments, some of the diffraction orders may be ignored.
      <br/>
      Multi-channel digital processor 413 receives signals from the multi-channel PSD 412 with each PSD channel's data being processed simultaneously by its own electronics.
      <br/>
      The motion mechanism (not illustrated) in combination with the AO deflector 405, precisely determines the X-Y position (and can quickly change the X-Y position) on the object 402 that the laser beams 408 impinge upon.
      <br/>
      The data results from each channel are combined to form an overall data file for completing the 3D measurements.
    </p>
    <p num="29">
      As noted above, a DBS with from a few to many tens of output orders is available from commercial sources.
      <br/>
      Therefore, "n" may correspondingly be from a few to many tens to match the DBS output.
      <br/>
      The figures illustrate the use of low order DBS units for simplicity only and are not meant to limit the possible embodiments of the invention.
    </p>
    <p num="30">
      FIG. 5 illustrates the effect of a DBS 501 upon an incident laser beam 502.
      <br/>
      The figure shows the single incident beam split into five output beams ( +- two orders and a zero order).
      <br/>
      FIG. 6 illustrates the effect of directing the AO deflected beam into a DBS for three output beams.
      <br/>
      Deflected beam 601 is incident upon DBS 602 where the AO deflector (not shown) and DBS 602 have been chosen so that the diffracted beam angular separation between adjacent diffracted orders is substantially equal to the scan angle (shown as the zeroth order 603 of DBS 602) of the AO deflected beam 601.
      <br/>
      FIG. 6 shows the continuity of coverage of the plus first order 604, zeroth order 603 and minus first order 605.
      <br/>
      Accordingly, the deflected diffracted beam sweeps out continuous angular coverage in the target AO scan direction.
    </p>
    <p num="31">
      FIG. 7 illustrates another exemplary embodiment of the invention.
      <br/>
      A light source 701 is positioned to provide light for illumination of object 702.
      <br/>
      Light beam 703 from light source 701 is directed to optical system 704, e.g., a f=50 mm lens which collimates and directs the beam to AO deflector 705.
      <br/>
      First order deflected beam 706 is focused by optical system 707 onto DBS 708.
      <br/>
      The undeflected zero order beam, not shown, is unused.
      <br/>
      DBS 708 splits the beam into, e.g., three orders, as shown.
      <br/>
      The resulting multiple beams 709 are directed by optical system 710 to impinge on target object 702.
      <br/>
      The reflected light is imaged by optical systems 711 and 712, e.g., f=25 mm lenses, into multi-channel PSDs 713 and 714 respectively.
      <br/>
      The multiple multi-channel PSD data is handled in a manner as described above with FIG. 4 to form a data file for 3D measurements.
    </p>
    <p num="32">
      In a further embodiment, the beam splitter may be a partially reflective mirror, e.g., a dielectric coated mirror or a partially metallized mirror, or a system of one or more of these in combination.
      <br/>
      Any arrangement of optical elements which is capable of producing from a single input beam, multiple optical beams for incidence upon a target object would be embraced within the scope and spirit of the term "beam splitter" as used in this invention.
      <br/>
      In an exemplary embodiment (not illustrated) utilizing a single dielectric coated mirror, the mirror is placed at an angle to the incident beam so that two output beams with appropriate angular separation are produced and further directed substantially as described with regard to the other embodiments herein.
      <br/>
      Selection and arrangement of appropriately coated mirror elements would be a routine matter for those of ordinary skill in the art with the benefit of this disclosure.
    </p>
    <p num="33">
      In a further embodiment, instead of an AO deflector, the beam deflector is a rotating polygonal scanner or a galvanometer mirror.
      <br/>
      Each of these beam deflectors has a respective finite sweep angle.
      <br/>
      One of ordinary skill in the art with the aid of this disclosure would be able to select a beam deflector and a DBS to provide continuous angular scanning coverage in the target beam deflection direction in accord with the present invention.
    </p>
    <p num="34">
      In a further embodiment, the PSD(s) may be replaced with charge coupled device (CCD) array(s).
      <br/>
      External clock pulses are used to read out the photocharge on the CCD(s) in a manner known to the art.
    </p>
    <p num="35">
      In yet a further embodiment, the CCD(s) may be replaced with capacitive metal-oxide semiconductor (CMOS) device array(s) which allow random addressability of the data pixels.
      <br/>
      The light intensity distribution on the CMOS array may be measured from the grey scale level of the pixel array.
      <br/>
      The target height may be found from the light distribution from either a local maximum or from the highest gradient value.
      <br/>
      Since the CMOS array allows readout of arbitrary rows or individual pixels, by correlating the beam scan position with the CMOS imaging location for each incident laser spot, the height may be determined from only one row of the pixel array.
    </p>
    <p num="36">Determination of Object Height</p>
    <p num="37">
      The principles of optical triangulation as applied to determination of object height (Z height) data with a multi-channel PSD are illustrated schematically in FIG. 8 and FIG. 9.
      <br/>
      A laser beam 801 is focused by optical system 802 to impinge upon an object whose base rests in target plane 803.
      <br/>
      The scattered light from the object is focused by optical system 804 onto a photodetector, e.g., a single channel PSD 805.
      <br/>
      The desired data is target height  DELTA Z. Angle  THETA  is the separation angle between the incident laser beam 801 and the viewing axis of optical system 804.
      <br/>
      When the object height in FIG. 8 is  DELTA Z along the Z axis, the image displacement of the intensity centroid on PSD 805 is  DELTA C (for centroid) in accord with basic principles of geometrical optics.
      <br/>
      In FIG. 8, a and b are the separations between optical system 804 and, respectively, the object base position in target plane 803, and PSD 805.
      <br/>
      Based on the imaging formula for a thin lens,  DELTA Z and  DELTA C are related according to:  (Equation image '3' not included in text)
    </p>
    <p num="38">
      PSD 805 produces two photocurrents whose relative values I1 and I2 are related to the displacement &amp;C in the image plane on PSD 805 in a manner understood by those of ordinary skill in the art.
      <br/>
      Specifically,  DELTA C can be determined from the normalized differential photocurrent of PSD 805 from the equation:  (Equation image '4' not included in text)
    </p>
    <p num="39">Accordingly, the height of the object  DELTA Z can be measured with the arrangement of triangulation optics and detection as shown herein.</p>
    <p num="40">
      FIG. 9 and FIG. 10 schematically illustrate the extension of the technique of FIG. 8 to multiple incident laser beams as shown in an exemplary embodiment of the invention.
      <br/>
      Multiple laser beams exit DBS 901 and are focused by optical system 902 onto object 903.
      <br/>
      The laser beams are separated by uniform spacing  DELTA Y in the Y direction.
      <br/>
      The scattered light from each incident spot is focused by optical system 904 onto photodetector 905, e.g., a multi-channel PSD.
      <br/>
      Each channel of the multi-channel PSD 905 detects light at a corresponding beam spot to determine the height at that spot when the channel separation  DELTA Y' is chosen such that:  (Equation image '5' not included in text)
    </p>
    <p num="41">
      where M0 is the optical magnification from the object surface to the photodetector plane.  DELTA Y is selected by choosing a combination of DBS and beam deflector as discussed above.
      <br/>
      The Z height  DELTA Z 906 at one object point is depicted as transformed by optical system 904 to its corresponding  DELTA C 907 on one channel of photodetector 905.
      <br/>
      Thus, with the  DELTA C data for each channel,  DELTA Z may be obtained simultaneously for each of the multiple channels in accord with the present invention.
    </p>
    <p num="42">Acquisition of 3D Data</p>
    <p num="43">
      A process for acquiring the 3D object data is described with reference to FIG. 11. FIG. 11 depicts the steps for acquiring data for a single channel PSD.
      <br/>
      When a multi-channel PSD is used, the steps of FIG. 11 are carried out in parallel for each channel.
      <br/>
      After the scan is started (step 1101), the gantry stage encoders are read (step 1102) to determine the X position and the initial Y position, Y0.
      <br/>
      The Y displacement, y, due to the beam deflector, e.g., an AO deflector, is read (step 1103).
      <br/>
      The combined Y position Y1, is calculated (step 1104) from the initial Y position, Y1, and the beam deflector Y displacement, y. The light intensity data is read (step 1105) from, e.g., the PSD channel.
      <br/>
      The detector plane intensity centroid C is calculated (step 1106) from the intensity data.
      <br/>
      The object height Z data is determined (step 1107) from the intensity centroid and a lookup table in accord with the analysis described with Equations 3 and 4 above.
      <br/>
      A datum of object X, Y, Z data, i.e., Z(X,Y), the object height at a given X,Y point, is formed (step 1108).
      <br/>
      The X, Y, Z datum is collected (step 1109) with other data in a 3D (X, Y, and Z) data file.
      <br/>
      The specific selection of the 3D data file format would be a routine matter of programming for those of ordinary skill in the art with the benefit of this disclosure.
      <br/>
      At a decision point (step 1110), it is determined whether all the desired data is acquired.
      <br/>
      If more data is required, the data acquisition is repeated (step 1111).
      <br/>
      If all required data is acquired, then the data may be segmented to extract the desired feature data (step 1112) and calculate relevant feature dimensions (step 1113).
    </p>
    <p num="44">Analysis of the 3D Data</p>
    <p num="45">
      In the representative embodiment of the present invention, the 3-D data is analyzed to determine, e.g, i) the height of each solder ball on a device; and ii) device co-planarity.
      <br/>
      Of course, other information regarding the object may also be determined from the data obtained.
      <br/>
      In accordance with the flowchart of FIG. 12, the data collected from, e.g., PSD 412 is used to determine the height (step 1201) of each solder ball in accordance with the optical triangulation techniques previously described.
      <br/>
      The respective image heights can then be compared to each other in order to determine, e.g., device co-planarity (step 1202).
      <br/>
      The '342 application incorporated by reference describes the segmenting and extraction of feature data in further detail.
    </p>
    <p num="46">While the present invention has been particularly shown and described with reference to particular embodiments thereof, it will be understood by those skilled in the art that various changes in form and details may be made therein without departing from the spirit and scope of the invention.</p>
  </description>
  <claims format="original" lang="en" id="claim_en">
    <claim num="1">
      <claim-text>What is claimed is:</claim-text>
      <claim-text>1.</claim-text>
      <claim-text>An imaging system comprising:</claim-text>
      <claim-text>a light source positioned to transmit light along a first path for illuminating an object; a beam deflector positioned along the first path; a beam splitter along the first path for splitting the light into a plurality of output paths for illuminating the object at a plurality of X-Y coordinates; a first photo sensitive device detecting light reflected from the object at the plurality of X-Y coordinates and generating a first at least one signal as a function of the light detected along a first at least one path;</claim-text>
      <claim-text>and a processor receiving the first at least one signal and generating an image of at least one portion of the object as a function of the received first at least one signal, wherein the beam splitter is a diffracting beam splitter.</claim-text>
    </claim>
    <claim num="2">
      <claim-text>2. The system of claim 1 wherein the beam deflector and the beam splitter are selected so that the angular separation of adjacent output paths of the beam splitter is substantially at most equal to the beam deflector sweep angle range.</claim-text>
    </claim>
    <claim num="3">
      <claim-text>3. The system of claim 2 wherein the beam deflector is an acousto-optical deflector.</claim-text>
    </claim>
    <claim num="4">
      <claim-text>4. The system of claim 2 wherein the light source is a diode laser.</claim-text>
    </claim>
    <claim num="5">
      <claim-text>5. The system of claim 2 wherein the beam deflector is a rotating polygonal scanner.</claim-text>
    </claim>
    <claim num="6">
      <claim-text>6. The system of claim 2 wherein the beam deflector is a galvanometer mirror.</claim-text>
    </claim>
    <claim num="7">
      <claim-text>7. The system of claim 2 wherein the first photo sensitive device is a multi-channel position sensitive device.</claim-text>
    </claim>
    <claim num="8">
      <claim-text>8. The system of claim 2 wherein the first photo sensitive device is a charge coupled device array.</claim-text>
    </claim>
    <claim num="9">
      <claim-text>9. The system of claim 2 wherein the first photo sensitive device is a capacitive metal oxide semiconductor device array.</claim-text>
    </claim>
    <claim num="10">
      <claim-text>10. The system of claim 2 further comprising: a second photo sensitive device detecting light reflected from the object at the plurality of X-Y coordinates and generating a second at least one signal as a function of the light detected along a second at least one path;</claim-text>
      <claim-text>and wherein the processor receives the second at least one signal and generates the image of at least a portion of the object as a function of the received first at least one signal and the second at least one signal.</claim-text>
    </claim>
    <claim num="11">
      <claim-text>11. The system of claim 10 wherein at least one of the first photo sensitive and the second photo sensitive device is a multi-channel position sensitive device.</claim-text>
    </claim>
    <claim num="12">
      <claim-text>12. The system of claim 10 wherein at least one of the first photo sensitive and the second photo sensitive device is a charge coupled device array.</claim-text>
    </claim>
    <claim num="13">
      <claim-text>13. The system of claim 10 wherein at least one of the first photo sensitive and the second photo sensitive device is a capacitive metal oxide semiconductor device array.</claim-text>
    </claim>
    <claim num="14">
      <claim-text>14. A method for imaging an object, comprising the steps of: projecting a first light beam from a light source; directing the first light beam through a beam deflector, the beam deflector deflecting the first light beam at a first selected deflection angle; directing the deflected first light beam through a beam splitter to produce a plurality of exit beams; illuminating the object at a plurality of X-Y coordinates with at least two of the plurality of exit beams; detecting simultaneously light reflected by the object from at least two of the plurality of X-Y coordinates;</claim-text>
      <claim-text>and generating a three dimensional image of at least one portion of the object as a function of the detected lights, wherein the beam splitter is a diffracting beam splitter.</claim-text>
    </claim>
    <claim num="15">
      <claim-text>15. The method of claim 14 wherein the beam splitter is selected so that the separation of adjacent exit beams is substantially at most equal to the sweep angle range of the beam deflector.</claim-text>
    </claim>
    <claim num="16">
      <claim-text>16. The method of claim 14 wherein the beam deflector is an acousto-optical deflector.</claim-text>
    </claim>
    <claim num="17">
      <claim-text>17. The method of claim 16 wherein the beam deflector is a rotating polygonal scanner.</claim-text>
    </claim>
    <claim num="18">
      <claim-text>18. The method of claim 14 wherein the beam deflector is a galvanometer mirror.</claim-text>
    </claim>
    <claim num="19">
      <claim-text>19. The method of claim 14 further comprising the step of: scanning the plurality of exit beams across the object in a direction perpendicular to the beam deflector sweep angle at predetermined time intervals.</claim-text>
    </claim>
    <claim num="20">
      <claim-text>20. The method of claim 19 wherein the scanning is accomplished by translation of the object.</claim-text>
    </claim>
    <claim num="21">
      <claim-text>21. The method of claim 14 further comprising the step of determining the dimensions of selected features from the three dimensional image.</claim-text>
    </claim>
    <claim num="22">
      <claim-text>22. The method of claim 14 further comprising the step of determining the relative positions of selected features from the three dimensional image.</claim-text>
    </claim>
    <claim num="23">
      <claim-text>23. The method of claim 14 further comprising the step of determining the relative co-planarity of selected features from the three dimensional image.</claim-text>
    </claim>
    <claim num="24">
      <claim-text>24. A method for scanning optical beams across an object comprising the steps of: projecting a first light beam from a light source; directing the first light beam through a beam deflector, the beam deflector deflecting the first light beam at a first selected deflection angle; directing the deflected first light beam through a beam splitter to produce a plurality of exit beams;</claim-text>
      <claim-text>and illuminating the object at a plurality of X-Y coordinates with at least two of the plurality of exit beams, wherein the sweep angle range is selected so that the separation of adjacent exit beams is substantially at most equal to the sweep angle range.</claim-text>
    </claim>
    <claim num="25">
      <claim-text>25. The method of claim 24 wherein the beam splitter is selected so that the separation of adjacent exit beams is substantially at most equal to the preselected sweep angle range of the beam deflector.</claim-text>
    </claim>
    <claim num="26">
      <claim-text>26. A method for imaging an object, comprising the steps of: projecting a first light beam from a light source; directing the first light beam through a beam deflector, the beam deflector deflecting the first light beam at a first preselected deflection angle; directing the deflected first light beam through a beam splitter to produce a plurality of exit beams; illuminating the object at a plurality of X-Y coordinates with at least two of the plurality of exit beams; detecting simultaneously light reflected by the object from at least two of the plurality of X-Y coordinates;</claim-text>
      <claim-text>and generating a three dimensional image of at least one portion of the object as a function of the detected light, wherein the sweep angle range is selected so that the separation of adjacent exit beams is substantially at most equal to the sweep angle range.</claim-text>
    </claim>
    <claim num="27">
      <claim-text>27. The method of claim 19 wherein the scanning is accomplished by translating the sensor system.</claim-text>
    </claim>
    <claim num="28">
      <claim-text>28. The method of claim 26 wherein the beam splitter is a diffracting beam splitter.</claim-text>
    </claim>
    <claim num="29">
      <claim-text>29. The method of claim 26 wherein the beam splitter comprises a partially reflective mirror.</claim-text>
    </claim>
    <claim num="30">
      <claim-text>30. The method of claim 26 wherein the beam deflector is an acousto-optical deflector.</claim-text>
    </claim>
    <claim num="31">
      <claim-text>31. The method of claim 26 wherein the beam deflector is a rotating polygonal scanner.</claim-text>
    </claim>
    <claim num="32">
      <claim-text>32. The method of claim 26 wherein the beam defector is a galvanometer mirror.</claim-text>
    </claim>
    <claim num="33">
      <claim-text>33. The method of claim 26 further comprising the step of: scanning the plurality of exit beams across the object in a direction perpendicular to the beam deflector sweep angle at predetermined time intervals.</claim-text>
    </claim>
    <claim num="34">
      <claim-text>34. The method of claim 19 wherein the scanning is accomplished by translation of the object.</claim-text>
    </claim>
    <claim num="35">
      <claim-text>35. The method of claim 26 further comprising the step of determining the dimensions of selected features from the three dimensional image.</claim-text>
    </claim>
    <claim num="36">
      <claim-text>36. The method of claim 26 further comprising the step of determining the relative positions of selected features from the three dimensional image.</claim-text>
    </claim>
    <claim num="37">
      <claim-text>37. The method of claim 26 further comprising the step of determining the relative co-planarity of selected features from the three dimensional image.</claim-text>
    </claim>
  </claims>
</questel-patent-document>