<?xml version="1.0" encoding="UTF-8"?>
<questel-patent-document lang="en" date-produced="20180805" produced-by="Questel" schema-version="3.23" file="US06181299B2.xml">
  <bibliographic-data lang="en">
    <publication-reference publ-desc="Granted patent as second publication">
      <document-id>
        <country>US</country>
        <doc-number>06181299</doc-number>
        <kind>B2</kind>
        <date>20010130</date>
      </document-id>
      <document-id data-format="questel">
        <doc-number>US6181299</doc-number>
      </document-id>
    </publication-reference>
    <original-publication-kind>B2</original-publication-kind>
    <application-reference is-representative="YES" family-id="26814276" extended-family-id="50293587">
      <document-id>
        <country>US</country>
        <doc-number>08944308</doc-number>
        <kind>A</kind>
        <date>19971006</date>
      </document-id>
      <document-id data-format="questel">
        <doc-number>1997US-08944308</doc-number>
      </document-id>
      <document-id data-format="questel_Uid">
        <doc-number>60619384</doc-number>
      </document-id>
    </application-reference>
    <language-of-filing>en</language-of-filing>
    <language-of-publication>en</language-of-publication>
    <priority-claims>
      <priority-claim kind="national" sequence="1">
        <country>US</country>
        <doc-number>94430897</doc-number>
        <kind>A</kind>
        <date>19971006</date>
        <priority-active-indicator>N</priority-active-indicator>
      </priority-claim>
      <priority-claim data-format="questel" sequence="1">
        <doc-number>1997US-08944308</doc-number>
      </priority-claim>
      <priority-claim kind="national" sequence="2">
        <country>US</country>
        <doc-number>30993494</doc-number>
        <kind>A</kind>
        <date>19940921</date>
        <priority-linkage-type>B</priority-linkage-type>
        <priority-active-indicator>Y</priority-active-indicator>
      </priority-claim>
      <priority-claim data-format="questel" sequence="2">
        <doc-number>1994US-08309934</doc-number>
      </priority-claim>
      <priority-claim kind="national" sequence="3">
        <country>US</country>
        <doc-number>11646893</doc-number>
        <kind>A</kind>
        <date>19930903</date>
        <priority-linkage-type>2</priority-linkage-type>
        <priority-active-indicator>Y</priority-active-indicator>
      </priority-claim>
      <priority-claim data-format="questel" sequence="3">
        <doc-number>1993US-08116468</doc-number>
      </priority-claim>
    </priority-claims>
    <dates-of-public-availability>
      <publication-of-grant-date>
        <date>20010130</date>
      </publication-of-grant-date>
    </dates-of-public-availability>
    <term-of-grant>
      <disclaimer/>
    </term-of-grant>
    <classifications-ipcr>
      <classification-ipcr sequence="1">
        <text>G06Q  30/02        20120101A I20150218RMEP</text>
        <ipc-version-indicator>
          <date>20120101</date>
        </ipc-version-indicator>
        <classification-level>A</classification-level>
        <section>G</section>
        <class>06</class>
        <subclass>Q</subclass>
        <main-group>30</main-group>
        <subgroup>02</subgroup>
        <classification-value>I</classification-value>
        <generating-office>
          <country>EP</country>
        </generating-office>
        <classification-status>R</classification-status>
        <classification-data-source>M</classification-data-source>
        <action-date>
          <date>20150218</date>
        </action-date>
      </classification-ipcr>
      <classification-ipcr sequence="2">
        <text>H02J  13/00        20060101A I20051008RMEP</text>
        <ipc-version-indicator>
          <date>20060101</date>
        </ipc-version-indicator>
        <classification-level>A</classification-level>
        <section>H</section>
        <class>02</class>
        <subclass>J</subclass>
        <main-group>13</main-group>
        <subgroup>00</subgroup>
        <classification-value>I</classification-value>
        <generating-office>
          <country>EP</country>
        </generating-office>
        <classification-status>R</classification-status>
        <classification-data-source>M</classification-data-source>
        <action-date>
          <date>20051008</date>
        </action-date>
      </classification-ipcr>
      <classification-ipcr sequence="3">
        <text>H04B   5/00        20060101A I20051008RMEP</text>
        <ipc-version-indicator>
          <date>20060101</date>
        </ipc-version-indicator>
        <classification-level>A</classification-level>
        <section>H</section>
        <class>04</class>
        <subclass>B</subclass>
        <main-group>5</main-group>
        <subgroup>00</subgroup>
        <classification-value>I</classification-value>
        <generating-office>
          <country>EP</country>
        </generating-office>
        <classification-status>R</classification-status>
        <classification-data-source>M</classification-data-source>
        <action-date>
          <date>20051008</date>
        </action-date>
      </classification-ipcr>
    </classifications-ipcr>
    <classification-national>
      <country>US</country>
      <main-classification>
        <text>345002100</text>
        <class>345</class>
        <subclass>002100</subclass>
      </main-classification>
    </classification-national>
    <classifications-ecla>
      <classification-ecla sequence="1">
        <text>H02J-013/00F4F</text>
        <section>H</section>
        <class>02</class>
        <subclass>J</subclass>
        <main-group>013</main-group>
        <subgroup>00F4F</subgroup>
      </classification-ecla>
      <classification-ecla sequence="2">
        <text>G06F-003/147</text>
        <section>G</section>
        <class>06</class>
        <subclass>F</subclass>
        <main-group>3</main-group>
        <subgroup>147</subgroup>
      </classification-ecla>
      <classification-ecla sequence="3">
        <text>G06Q-030/02</text>
        <section>G</section>
        <class>06</class>
        <subclass>Q</subclass>
        <main-group>30</main-group>
        <subgroup>02</subgroup>
      </classification-ecla>
      <classification-ecla sequence="4">
        <text>H02J-013/00F2</text>
        <section>H</section>
        <class>02</class>
        <subclass>J</subclass>
        <main-group>013</main-group>
        <subgroup>00F2</subgroup>
      </classification-ecla>
    </classifications-ecla>
    <patent-classifications>
      <patent-classification sequence="1">
        <classification-scheme office="EP" scheme="CPC">
          <date>20130101</date>
        </classification-scheme>
        <classification-symbol>H02J-013/0086</classification-symbol>
        <section>H</section>
        <class>02</class>
        <subclass>J</subclass>
        <main-group>13</main-group>
        <subgroup>0086</subgroup>
        <symbol-position>F</symbol-position>
        <classification-value>I</classification-value>
        <classification-status>B</classification-status>
        <classification-data-source>H</classification-data-source>
        <action-date>
          <date>20130101</date>
        </action-date>
      </patent-classification>
      <patent-classification sequence="2">
        <classification-scheme office="EP" scheme="CPC">
          <date>20130101</date>
        </classification-scheme>
        <classification-symbol>G06F-003/147</classification-symbol>
        <section>G</section>
        <class>06</class>
        <subclass>F</subclass>
        <main-group>3</main-group>
        <subgroup>147</subgroup>
        <symbol-position>L</symbol-position>
        <classification-value>I</classification-value>
        <classification-status>B</classification-status>
        <classification-data-source>H</classification-data-source>
        <action-date>
          <date>20130101</date>
        </action-date>
      </patent-classification>
      <patent-classification sequence="3">
        <classification-scheme office="EP" scheme="CPC">
          <date>20130101</date>
        </classification-scheme>
        <classification-symbol>G06Q-030/02</classification-symbol>
        <section>G</section>
        <class>06</class>
        <subclass>Q</subclass>
        <main-group>30</main-group>
        <subgroup>02</subgroup>
        <symbol-position>L</symbol-position>
        <classification-value>I</classification-value>
        <classification-status>B</classification-status>
        <classification-data-source>H</classification-data-source>
        <action-date>
          <date>20130101</date>
        </action-date>
      </patent-classification>
      <patent-classification sequence="4">
        <classification-scheme office="EP" scheme="CPC">
          <date>20130101</date>
        </classification-scheme>
        <classification-symbol>G09G-2370/16</classification-symbol>
        <section>G</section>
        <class>09</class>
        <subclass>G</subclass>
        <main-group>2370</main-group>
        <subgroup>16</subgroup>
        <symbol-position>L</symbol-position>
        <classification-value>A</classification-value>
        <classification-status>B</classification-status>
        <classification-data-source>H</classification-data-source>
        <action-date>
          <date>20130101</date>
        </action-date>
      </patent-classification>
      <patent-classification sequence="5">
        <classification-scheme office="EP" scheme="CPC">
          <date>20130101</date>
        </classification-scheme>
        <classification-symbol>G09G-2380/04</classification-symbol>
        <section>G</section>
        <class>09</class>
        <subclass>G</subclass>
        <main-group>2380</main-group>
        <subgroup>04</subgroup>
        <symbol-position>L</symbol-position>
        <classification-value>A</classification-value>
        <classification-status>B</classification-status>
        <classification-data-source>H</classification-data-source>
        <action-date>
          <date>20130101</date>
        </action-date>
      </patent-classification>
      <patent-classification sequence="6">
        <classification-scheme office="EP" scheme="CPC">
          <date>20130101</date>
        </classification-scheme>
        <classification-symbol>H02J-013/001</classification-symbol>
        <section>H</section>
        <class>02</class>
        <subclass>J</subclass>
        <main-group>13</main-group>
        <subgroup>001</subgroup>
        <symbol-position>L</symbol-position>
        <classification-value>I</classification-value>
        <classification-status>B</classification-status>
        <classification-data-source>H</classification-data-source>
        <action-date>
          <date>20130101</date>
        </action-date>
      </patent-classification>
      <patent-classification sequence="7">
        <classification-scheme office="EP" scheme="CPC">
          <date>20130101</date>
        </classification-scheme>
        <classification-symbol>Y04S-010/40</classification-symbol>
        <section>Y</section>
        <class>04</class>
        <subclass>S</subclass>
        <main-group>10</main-group>
        <subgroup>40</subgroup>
        <symbol-position>L</symbol-position>
        <classification-value>A</classification-value>
        <classification-status>B</classification-status>
        <classification-data-source>H</classification-data-source>
        <action-date>
          <date>20130101</date>
        </action-date>
      </patent-classification>
      <patent-classification sequence="8">
        <classification-scheme office="EP" scheme="CPC">
          <date>20130101</date>
        </classification-scheme>
        <classification-symbol>Y04S-050/14</classification-symbol>
        <section>Y</section>
        <class>04</class>
        <subclass>S</subclass>
        <main-group>50</main-group>
        <subgroup>14</subgroup>
        <symbol-position>L</symbol-position>
        <classification-value>A</classification-value>
        <classification-status>B</classification-status>
        <classification-data-source>H</classification-data-source>
        <action-date>
          <date>20130101</date>
        </action-date>
      </patent-classification>
      <patent-classification sequence="9">
        <classification-scheme office="EP" scheme="ICO"/>
        <classification-symbol>S09G-370/16</classification-symbol>
      </patent-classification>
      <patent-classification sequence="10">
        <classification-scheme office="EP" scheme="ICO"/>
        <classification-symbol>S09G-380/04</classification-symbol>
      </patent-classification>
      <patent-classification sequence="11">
        <classification-scheme office="EP" scheme="ICO"/>
        <classification-symbol>Y04S-010/40</classification-symbol>
      </patent-classification>
      <patent-classification sequence="12">
        <classification-scheme office="EP" scheme="ICO"/>
        <classification-symbol>Y04S-050/14</classification-symbol>
      </patent-classification>
    </patent-classifications>
    <number-of-claims>5</number-of-claims>
    <exemplary-claim>1</exemplary-claim>
    <figures>
      <number-of-drawing-sheets>16</number-of-drawing-sheets>
      <number-of-figures>23</number-of-figures>
      <image-key data-format="questel">US6181299</image-key>
    </figures>
    <invention-title format="original" lang="en" id="title_en">Power and communication system for electronic display tags</invention-title>
    <references-cited>
      <citation srep-phase="examiner">
        <patcit num="1">
          <text>NEWMAN A</text>
          <document-id>
            <country>US</country>
            <doc-number>3742119</doc-number>
            <kind>A</kind>
          </document-id>
          <document-id data-format="questel">
            <doc-number>US3742119</doc-number>
          </document-id>
        </patcit>
      </citation>
      <citation srep-phase="examiner">
        <patcit num="2">
          <text>WATERHOUSE PAUL, et al</text>
          <document-id>
            <country>US</country>
            <doc-number>5245534</doc-number>
            <kind>A</kind>
          </document-id>
          <document-id data-format="questel">
            <doc-number>US5245534</doc-number>
          </document-id>
        </patcit>
      </citation>
      <citation srep-phase="examiner">
        <patcit num="3">
          <text>DUFFY JR WILLIAM J</text>
          <document-id>
            <country>US</country>
            <doc-number>5535969</doc-number>
            <kind>A</kind>
          </document-id>
          <document-id data-format="questel">
            <doc-number>US5535969</doc-number>
          </document-id>
        </patcit>
      </citation>
      <citation srep-phase="examiner">
        <patcit num="4">
          <text>KAYSER KENNETH W, et al</text>
          <document-id>
            <country>US</country>
            <doc-number>5537126</doc-number>
            <kind>A</kind>
          </document-id>
          <document-id data-format="questel">
            <doc-number>US5537126</doc-number>
          </document-id>
        </patcit>
      </citation>
      <citation srep-phase="examiner">
        <patcit num="5">
          <text>ESCRITT CHRIS, et al</text>
          <document-id>
            <country>US</country>
            <doc-number>5548282</doc-number>
            <kind>A</kind>
          </document-id>
          <document-id data-format="questel">
            <doc-number>US5548282</doc-number>
          </document-id>
        </patcit>
      </citation>
      <citation srep-phase="applicant">
        <patcit num="6">
          <text>TERNOUTH WESTLAKE G</text>
          <document-id>
            <country>US</country>
            <doc-number>3086308</doc-number>
            <kind>A</kind>
          </document-id>
          <document-id data-format="questel">
            <doc-number>US3086308</doc-number>
          </document-id>
        </patcit>
      </citation>
      <citation srep-phase="applicant">
        <patcit num="7">
          <text>PICKETT ROBERT E, et al</text>
          <document-id>
            <country>US</country>
            <doc-number>3256512</doc-number>
            <kind>A</kind>
          </document-id>
          <document-id data-format="questel">
            <doc-number>US3256512</doc-number>
          </document-id>
        </patcit>
      </citation>
      <citation srep-phase="applicant">
        <patcit num="8">
          <text>SCHOENWITZ FRANK H W</text>
          <document-id>
            <country>US</country>
            <doc-number>3622992</doc-number>
            <kind>A</kind>
          </document-id>
          <document-id data-format="questel">
            <doc-number>US3622992</doc-number>
          </document-id>
        </patcit>
      </citation>
      <citation srep-phase="applicant">
        <patcit num="9">
          <text>SUNDELIN RONALD MURL</text>
          <document-id>
            <country>US</country>
            <doc-number>4002886</doc-number>
            <kind>A</kind>
          </document-id>
          <document-id data-format="questel">
            <doc-number>US4002886</doc-number>
          </document-id>
        </patcit>
      </citation>
      <citation srep-phase="applicant">
        <patcit num="10">
          <text>CREPEAU PHILIP C, et al</text>
          <document-id>
            <country>US</country>
            <doc-number>4139149</doc-number>
            <kind>A</kind>
          </document-id>
          <document-id data-format="questel">
            <doc-number>US4139149</doc-number>
          </document-id>
        </patcit>
      </citation>
      <citation srep-phase="applicant">
        <patcit num="11">
          <text>GOMERSALL EARL R, et al</text>
          <document-id>
            <country>US</country>
            <doc-number>4500880</doc-number>
            <kind>A</kind>
          </document-id>
          <document-id data-format="questel">
            <doc-number>US4500880</doc-number>
          </document-id>
        </patcit>
      </citation>
      <citation srep-phase="applicant">
        <patcit num="12">
          <text>SARWIN HERBERT S</text>
          <document-id>
            <country>US</country>
            <doc-number>4521677</doc-number>
            <kind>A</kind>
          </document-id>
          <document-id data-format="questel">
            <doc-number>US4521677</doc-number>
          </document-id>
        </patcit>
      </citation>
      <citation srep-phase="applicant">
        <patcit num="13">
          <text>BARLETTA JOSEPH M, et al</text>
          <document-id>
            <country>US</country>
            <doc-number>4525713</doc-number>
            <kind>A</kind>
          </document-id>
          <document-id data-format="questel">
            <doc-number>US4525713</doc-number>
          </document-id>
        </patcit>
      </citation>
      <citation srep-phase="applicant">
        <patcit num="14">
          <text>STEVENS JOHN K</text>
          <document-id>
            <country>US</country>
            <doc-number>4603495</doc-number>
            <kind>A</kind>
          </document-id>
          <document-id data-format="questel">
            <doc-number>US4603495</doc-number>
          </document-id>
        </patcit>
      </citation>
      <citation srep-phase="applicant">
        <patcit num="15">
          <text>WATSON MILTON R, et al</text>
          <document-id>
            <country>US</country>
            <doc-number>4654514</doc-number>
            <kind>A</kind>
          </document-id>
          <document-id data-format="questel">
            <doc-number>US4654514</doc-number>
          </document-id>
        </patcit>
      </citation>
      <citation srep-phase="applicant">
        <patcit num="16">
          <text>COLES HARRY J, et al</text>
          <document-id>
            <country>US</country>
            <doc-number>4702558</doc-number>
            <kind>A</kind>
          </document-id>
          <document-id data-format="questel">
            <doc-number>US4702558</doc-number>
          </document-id>
        </patcit>
      </citation>
      <citation srep-phase="applicant">
        <patcit num="17">
          <text>KALLENBERG RUEDIGER</text>
          <document-id>
            <country>US</country>
            <doc-number>4745404</doc-number>
            <kind>A</kind>
          </document-id>
          <document-id data-format="questel">
            <doc-number>US4745404</doc-number>
          </document-id>
        </patcit>
      </citation>
      <citation srep-phase="applicant">
        <patcit num="18">
          <text>DAVIS MALCOLM H, et al</text>
          <document-id>
            <country>US</country>
            <doc-number>4766295</doc-number>
            <kind>A</kind>
          </document-id>
          <document-id data-format="questel">
            <doc-number>US4766295</doc-number>
          </document-id>
        </patcit>
      </citation>
      <citation srep-phase="applicant">
        <patcit num="19">
          <text>HETZER NORBERT</text>
          <document-id>
            <country>US</country>
            <doc-number>4791739</doc-number>
            <kind>A</kind>
          </document-id>
          <document-id data-format="questel">
            <doc-number>US4791739</doc-number>
          </document-id>
        </patcit>
      </citation>
      <citation srep-phase="applicant">
        <patcit num="20">
          <text>MACKENTHUN HOLGER, et al</text>
          <document-id>
            <country>US</country>
            <doc-number>4796028</doc-number>
            <kind>A</kind>
          </document-id>
          <document-id data-format="questel">
            <doc-number>US4796028</doc-number>
          </document-id>
        </patcit>
      </citation>
      <citation srep-phase="applicant">
        <patcit num="21">
          <text>STEVENS JOHN K, et al</text>
          <document-id>
            <country>US</country>
            <doc-number>4821291</doc-number>
            <kind>A</kind>
          </document-id>
          <document-id data-format="questel">
            <doc-number>US4821291</doc-number>
          </document-id>
        </patcit>
      </citation>
      <citation srep-phase="applicant">
        <patcit num="22">
          <text>KELLEY ARTHUR W, et al</text>
          <document-id>
            <country>US</country>
            <doc-number>4833337</doc-number>
            <kind>A</kind>
          </document-id>
          <document-id data-format="questel">
            <doc-number>US4833337</doc-number>
          </document-id>
        </patcit>
      </citation>
      <citation srep-phase="applicant">
        <patcit num="23">
          <text>BARTLETT TED L, et al</text>
          <document-id>
            <country>US</country>
            <doc-number>4833338</doc-number>
            <kind>A</kind>
          </document-id>
          <document-id data-format="questel">
            <doc-number>US4833338</doc-number>
          </document-id>
        </patcit>
      </citation>
      <citation srep-phase="applicant">
        <patcit num="24">
          <text>CHATELOT DENIS</text>
          <document-id>
            <country>US</country>
            <doc-number>4864633</doc-number>
            <kind>A</kind>
          </document-id>
          <document-id data-format="questel">
            <doc-number>US4864633</doc-number>
          </document-id>
        </patcit>
      </citation>
      <citation srep-phase="applicant">
        <patcit num="25">
          <text>STEVENS JOHN K, et al</text>
          <document-id>
            <country>US</country>
            <doc-number>4879756</doc-number>
            <kind>A</kind>
          </document-id>
          <document-id data-format="questel">
            <doc-number>US4879756</doc-number>
          </document-id>
        </patcit>
      </citation>
      <citation srep-phase="applicant">
        <patcit num="26">
          <text>STEVENS JOHN K, et al</text>
          <document-id>
            <country>US</country>
            <doc-number>4937586</doc-number>
            <kind>A</kind>
          </document-id>
          <document-id data-format="questel">
            <doc-number>US4937586</doc-number>
          </document-id>
        </patcit>
      </citation>
      <citation srep-phase="applicant">
        <patcit num="27">
          <text>DAVIS CHARLES L</text>
          <document-id>
            <country>US</country>
            <doc-number>4941201</doc-number>
            <kind>A</kind>
          </document-id>
          <document-id data-format="questel">
            <doc-number>US4941201</doc-number>
          </document-id>
        </patcit>
      </citation>
      <citation srep-phase="applicant">
        <patcit num="28">
          <text>NASTROM HARVEY J</text>
          <document-id>
            <country>US</country>
            <doc-number>4955000</doc-number>
            <kind>A</kind>
          </document-id>
          <document-id data-format="questel">
            <doc-number>US4955000</doc-number>
          </document-id>
        </patcit>
      </citation>
      <citation srep-phase="applicant">
        <patcit num="29">
          <text>REVESZ MICHAEL S, et al</text>
          <document-id>
            <country>US</country>
            <doc-number>4962466</doc-number>
            <kind>A</kind>
          </document-id>
          <document-id data-format="questel">
            <doc-number>US4962466</doc-number>
          </document-id>
        </patcit>
      </citation>
      <citation srep-phase="applicant">
        <patcit num="30">
          <text>OLSSON STURE, et al</text>
          <document-id>
            <country>US</country>
            <doc-number>5019811</doc-number>
            <kind>A</kind>
          </document-id>
          <document-id data-format="questel">
            <doc-number>US5019811</doc-number>
          </document-id>
        </patcit>
      </citation>
      <citation srep-phase="applicant">
        <patcit num="31">
          <text>IKE TOSHIMASA</text>
          <document-id>
            <country>US</country>
            <doc-number>5054112</doc-number>
            <kind>A</kind>
          </document-id>
          <document-id data-format="questel">
            <doc-number>US5054112</doc-number>
          </document-id>
        </patcit>
      </citation>
      <citation srep-phase="applicant">
        <patcit num="32">
          <text>HUNT PETER F</text>
          <document-id>
            <country>US</country>
            <doc-number>5111196</doc-number>
            <kind>A</kind>
          </document-id>
          <document-id data-format="questel">
            <doc-number>US5111196</doc-number>
          </document-id>
        </patcit>
      </citation>
      <citation srep-phase="applicant">
        <patcit num="33">
          <text>HARRIS RICHARD H</text>
          <document-id>
            <country>US</country>
            <doc-number>5160920</doc-number>
            <kind>A</kind>
          </document-id>
          <document-id data-format="questel">
            <doc-number>US5160920</doc-number>
          </document-id>
        </patcit>
      </citation>
      <citation srep-phase="applicant">
        <patcit num="34">
          <text>POLAND TERRELL, et al</text>
          <document-id>
            <country>US</country>
            <doc-number>5172314</doc-number>
            <kind>A</kind>
          </document-id>
          <document-id data-format="questel">
            <doc-number>US5172314</doc-number>
          </document-id>
        </patcit>
      </citation>
      <citation srep-phase="applicant">
        <patcit num="35">
          <text>PFEIFFER JAMES W, et al</text>
          <document-id>
            <country>US</country>
            <doc-number>5198644</doc-number>
            <kind>A</kind>
          </document-id>
          <document-id data-format="questel">
            <doc-number>US5198644</doc-number>
          </document-id>
        </patcit>
      </citation>
      <citation srep-phase="applicant">
        <patcit num="36">
          <text>FAILING BRUCE F, et al</text>
          <document-id>
            <country>US</country>
            <doc-number>5241467</doc-number>
            <kind>A</kind>
          </document-id>
          <document-id data-format="questel">
            <doc-number>US5241467</doc-number>
          </document-id>
        </patcit>
      </citation>
      <citation srep-phase="applicant">
        <patcit num="37">
          <text>FINE BRANDT J, et al</text>
          <document-id>
            <country>US</country>
            <doc-number>5241657</doc-number>
            <kind>A</kind>
          </document-id>
          <document-id data-format="questel">
            <doc-number>US5241657</doc-number>
          </document-id>
        </patcit>
      </citation>
      <citation srep-phase="applicant">
        <patcit num="38">
          <text>GUERN YVES, et al</text>
          <document-id>
            <country>US</country>
            <doc-number>5260701</doc-number>
            <kind>A</kind>
          </document-id>
          <document-id data-format="questel">
            <doc-number>US5260701</doc-number>
          </document-id>
        </patcit>
      </citation>
      <citation srep-phase="applicant">
        <patcit num="39">
          <text>MONOD MARIE-ODILE, et al</text>
          <document-id>
            <country>US</country>
            <doc-number>5293400</doc-number>
            <kind>A</kind>
          </document-id>
          <document-id data-format="questel">
            <doc-number>US5293400</doc-number>
          </document-id>
        </patcit>
      </citation>
      <citation srep-phase="applicant">
        <patcit num="40">
          <text>KOO ROLAND, et al</text>
          <document-id>
            <country>US</country>
            <doc-number>5345231</doc-number>
            <kind>A</kind>
          </document-id>
          <document-id data-format="questel">
            <doc-number>US5345231</doc-number>
          </document-id>
        </patcit>
      </citation>
      <citation srep-phase="applicant">
        <patcit num="41">
          <text>BRIECHLE GEORGE T, et al</text>
          <document-id>
            <country>US</country>
            <doc-number>5348485</doc-number>
            <kind>A</kind>
          </document-id>
          <document-id data-format="questel">
            <doc-number>US5348485</doc-number>
          </document-id>
        </patcit>
      </citation>
      <citation srep-phase="applicant">
        <patcit num="42">
          <text>WATERHOUSE PAUL, et al</text>
          <document-id>
            <country>US</country>
            <doc-number>5374815</doc-number>
            <kind>A</kind>
          </document-id>
          <document-id data-format="questel">
            <doc-number>US5374815</doc-number>
          </document-id>
        </patcit>
      </citation>
      <citation srep-phase="applicant">
        <patcit num="43">
          <text>JOLIEY BERNARD</text>
          <document-id>
            <country>US</country>
            <doc-number>5404149</doc-number>
            <kind>A</kind>
          </document-id>
          <document-id data-format="questel">
            <doc-number>US5404149</doc-number>
          </document-id>
        </patcit>
      </citation>
      <citation srep-phase="applicant">
        <patcit num="44">
          <text>FAILING JR BRUCE F, et al</text>
          <document-id>
            <country>US</country>
            <doc-number>5448226</doc-number>
            <kind>A</kind>
          </document-id>
          <document-id data-format="questel">
            <doc-number>US5448226</doc-number>
          </document-id>
        </patcit>
      </citation>
      <citation srep-phase="applicant">
        <patcit num="45">
          <text>ACKERMAN MARVIN, et al</text>
          <document-id>
            <country>US</country>
            <doc-number>5461561</doc-number>
            <kind>A</kind>
          </document-id>
          <document-id data-format="questel">
            <doc-number>US5461561</doc-number>
          </document-id>
        </patcit>
      </citation>
      <citation srep-phase="applicant">
        <patcit num="46">
          <text>CALDWELL MICHAEL W, et al</text>
          <document-id>
            <country>US</country>
            <doc-number>5465085</doc-number>
            <kind>A</kind>
          </document-id>
          <document-id data-format="questel">
            <doc-number>US5465085</doc-number>
          </document-id>
        </patcit>
      </citation>
      <citation srep-phase="applicant">
        <patcit num="47">
          <text>BRIECHLE GEORGE T, et al</text>
          <document-id>
            <country>US</country>
            <doc-number>5473832</doc-number>
            <kind>A</kind>
          </document-id>
          <document-id data-format="questel">
            <doc-number>US5473832</doc-number>
          </document-id>
        </patcit>
      </citation>
      <citation srep-phase="applicant">
        <patcit num="48">
          <text>HANAOKA TADASHI, et al</text>
          <document-id>
            <country>US</country>
            <doc-number>5521590</doc-number>
            <kind>A</kind>
          </document-id>
          <document-id data-format="questel">
            <doc-number>US5521590</doc-number>
          </document-id>
        </patcit>
      </citation>
      <citation srep-phase="applicant">
        <patcit num="49">
          <text>WATERHOUSE PAUL, et al</text>
          <document-id>
            <country>US</country>
            <doc-number>5532465</doc-number>
            <kind>A</kind>
          </document-id>
          <document-id data-format="questel">
            <doc-number>US5532465</doc-number>
          </document-id>
        </patcit>
      </citation>
      <citation srep-phase="applicant">
        <patcit num="50">
          <text>BARFOD JESPER M</text>
          <document-id>
            <country>US</country>
            <doc-number>5539393</doc-number>
            <kind>A</kind>
          </document-id>
          <document-id data-format="questel">
            <doc-number>US5539393</doc-number>
          </document-id>
        </patcit>
      </citation>
      <citation srep-phase="applicant">
        <patcit num="51">
          <text>BRIECHLE GEORGE T, et al</text>
          <document-id>
            <country>US</country>
            <doc-number>5553412</doc-number>
            <kind>A</kind>
          </document-id>
          <document-id data-format="questel">
            <doc-number>US5553412</doc-number>
          </document-id>
        </patcit>
      </citation>
      <citation srep-phase="applicant">
        <patcit num="52">
          <text>TYREN CARL, et al</text>
          <document-id>
            <country>US</country>
            <doc-number>5557085</doc-number>
            <kind>A</kind>
          </document-id>
          <document-id data-format="questel">
            <doc-number>US5557085</doc-number>
          </document-id>
        </patcit>
      </citation>
      <citation srep-phase="applicant">
        <patcit num="53">
          <text>BEIGEL MICHAEL L</text>
          <document-id>
            <country>US</country>
            <doc-number>5559507</doc-number>
            <kind>A</kind>
          </document-id>
          <document-id data-format="questel">
            <doc-number>US5559507</doc-number>
          </document-id>
        </patcit>
      </citation>
      <citation srep-phase="applicant">
        <patcit num="54">
          <text>LUDEBUEHL DIETER</text>
          <document-id>
            <country>US</country>
            <doc-number>5560970</doc-number>
            <kind>A</kind>
          </document-id>
          <document-id data-format="questel">
            <doc-number>US5560970</doc-number>
          </document-id>
        </patcit>
      </citation>
      <citation srep-phase="applicant">
        <patcit num="55">
          <text>DETEMPLE WILLIAM C, et al</text>
          <document-id>
            <country>US</country>
            <doc-number>5572653</doc-number>
            <kind>A</kind>
          </document-id>
          <document-id data-format="questel">
            <doc-number>US5572653</doc-number>
          </document-id>
        </patcit>
      </citation>
      <citation srep-phase="applicant">
        <patcit num="56">
          <text>ACKERMAN MARVIN, et al</text>
          <document-id>
            <country>US</country>
            <doc-number>5583487</doc-number>
            <kind>A</kind>
          </document-id>
          <document-id data-format="questel">
            <doc-number>US5583487</doc-number>
          </document-id>
        </patcit>
      </citation>
      <citation srep-phase="applicant">
        <patcit num="57">
          <text>BRIECHLE GEORGE T, et al</text>
          <document-id>
            <country>US</country>
            <doc-number>5632010</doc-number>
            <kind>A</kind>
          </document-id>
          <document-id data-format="questel">
            <doc-number>US5632010</doc-number>
          </document-id>
        </patcit>
      </citation>
      <citation srep-phase="applicant">
        <patcit num="58">
          <text>ESSELTE METO INT GMBH</text>
          <document-id>
            <country>DE</country>
            <doc-number>4206793</doc-number>
            <kind>A1</kind>
          </document-id>
          <document-id data-format="questel">
            <doc-number>DE4206793</doc-number>
          </document-id>
        </patcit>
      </citation>
      <citation srep-phase="applicant">
        <patcit num="59">
          <text>ESSELTE METO INT GMBH</text>
          <document-id>
            <country>DE</country>
            <doc-number>4237467</doc-number>
            <kind>A1</kind>
          </document-id>
          <document-id data-format="questel">
            <doc-number>DE4237467</doc-number>
          </document-id>
        </patcit>
      </citation>
      <citation srep-phase="applicant">
        <patcit num="60">
          <text>COLE PETER HAROLD, et al</text>
          <document-id>
            <country>EP</country>
            <doc-number>0006691</doc-number>
            <kind>A1</kind>
          </document-id>
          <document-id data-format="questel">
            <doc-number>EP---6691</doc-number>
          </document-id>
        </patcit>
      </citation>
      <citation srep-phase="applicant">
        <patcit num="61">
          <text>BRITISH AEROSPACE</text>
          <document-id>
            <country>EP</country>
            <doc-number>0463341</doc-number>
            <kind>A1</kind>
          </document-id>
          <document-id data-format="questel">
            <doc-number>EP-463341</doc-number>
          </document-id>
        </patcit>
      </citation>
      <citation srep-phase="applicant">
        <patcit num="62">
          <text>ESSELTE METO INT GMBH</text>
          <document-id>
            <country>EP</country>
            <doc-number>0423188</doc-number>
            <kind>B1</kind>
          </document-id>
          <document-id data-format="questel">
            <doc-number>EP-423188</doc-number>
          </document-id>
        </patcit>
      </citation>
      <citation srep-phase="applicant">
        <patcit num="63">
          <text>NCR INT INC</text>
          <document-id>
            <country>EP</country>
            <doc-number>0497533</doc-number>
            <kind>A2</kind>
          </document-id>
          <document-id data-format="questel">
            <doc-number>EP-497533</doc-number>
          </document-id>
        </patcit>
      </citation>
      <citation srep-phase="applicant">
        <patcit num="64">
          <text>ELECTRONIC RETAILING SYST</text>
          <document-id>
            <country>EP</country>
            <doc-number>0604382</doc-number>
            <kind>A2</kind>
          </document-id>
          <document-id data-format="questel">
            <doc-number>EP-604382</doc-number>
          </document-id>
        </patcit>
      </citation>
      <citation srep-phase="applicant">
        <patcit num="65">
          <text>AT &amp; T GLOBAL INF SOLUTION</text>
          <document-id>
            <country>EP</country>
            <doc-number>0683478</doc-number>
            <kind>A2</kind>
          </document-id>
          <document-id data-format="questel">
            <doc-number>EP-683478</doc-number>
          </document-id>
        </patcit>
      </citation>
      <citation srep-phase="applicant">
        <patcit num="66">
          <text>OXLEY DEV CO LTD</text>
          <document-id>
            <country>GB</country>
            <doc-number>2202414</doc-number>
            <kind>A</kind>
          </document-id>
          <document-id data-format="questel">
            <doc-number>GB2202414</doc-number>
          </document-id>
        </patcit>
      </citation>
      <citation srep-phase="applicant">
        <patcit num="67">
          <text>ESSELTE METO INT GMBH</text>
          <document-id>
            <country>GB</country>
            <doc-number>2240416</doc-number>
            <kind>A</kind>
          </document-id>
          <document-id data-format="questel">
            <doc-number>GB2240416</doc-number>
          </document-id>
        </patcit>
      </citation>
      <citation srep-phase="applicant">
        <patcit num="68">
          <text>SAINSBURY J PLC</text>
          <document-id>
            <country>GB</country>
            <doc-number>2249854</doc-number>
            <kind>A</kind>
          </document-id>
          <document-id data-format="questel">
            <doc-number>GB2249854</doc-number>
          </document-id>
        </patcit>
      </citation>
      <citation srep-phase="applicant">
        <patcit num="69">
          <text>ESSELTE METO INT GMBH</text>
          <document-id>
            <country>GB</country>
            <doc-number>2257278</doc-number>
            <kind>A</kind>
          </document-id>
          <document-id data-format="questel">
            <doc-number>GB2257278</doc-number>
          </document-id>
        </patcit>
      </citation>
      <citation srep-phase="applicant">
        <patcit num="70">
          <text>CLARES EQUIP LTD, et al</text>
          <document-id>
            <country>GB</country>
            <doc-number>2266401</doc-number>
            <kind>A</kind>
          </document-id>
          <document-id data-format="questel">
            <doc-number>GB2266401</doc-number>
          </document-id>
        </patcit>
      </citation>
      <citation srep-phase="applicant">
        <patcit num="71">
          <text>CLARES REGISBROOK SYSTEMS</text>
          <document-id>
            <country>GB</country>
            <doc-number>2275807</doc-number>
            <kind>A</kind>
          </document-id>
          <document-id data-format="questel">
            <doc-number>GB2275807</doc-number>
          </document-id>
        </patcit>
      </citation>
      <citation srep-phase="applicant">
        <patcit num="72">
          <text>HITACHI MAXELL</text>
          <document-id>
            <country>JP</country>
            <doc-number>H02287591</doc-number>
            <kind>A</kind>
          </document-id>
          <document-id data-format="questel">
            <doc-number>JP02287591</doc-number>
          </document-id>
        </patcit>
      </citation>
      <citation srep-phase="applicant">
        <patcit num="73">
          <text>TERAOKA SEIKO KK</text>
          <document-id>
            <country>JP</country>
            <doc-number>H04303294</doc-number>
            <kind>A</kind>
          </document-id>
          <document-id data-format="questel">
            <doc-number>JP04303294</doc-number>
          </document-id>
        </patcit>
      </citation>
      <citation srep-phase="applicant">
        <patcit num="74">
          <text>KONISHIROKU PHOTO IND</text>
          <document-id>
            <country>JP</country>
            <doc-number>H09311509</doc-number>
            <kind>A</kind>
          </document-id>
          <document-id data-format="questel">
            <doc-number>JP09311509</doc-number>
          </document-id>
        </patcit>
      </citation>
      <citation srep-phase="applicant">
        <patcit num="75">
          <text>ORDONEZ GABRIEL, et al</text>
          <document-id>
            <country>WO</country>
            <doc-number>8806773</doc-number>
            <kind>A1</kind>
          </document-id>
          <document-id data-format="questel">
            <doc-number>WO8806773</doc-number>
          </document-id>
        </patcit>
      </citation>
      <citation srep-phase="applicant">
        <patcit num="76">
          <text>REST MANUFACTURING INC</text>
          <document-id>
            <country>WO</country>
            <doc-number>9014630</doc-number>
            <kind>A1</kind>
          </document-id>
          <document-id data-format="questel">
            <doc-number>WO9014630</doc-number>
          </document-id>
        </patcit>
      </citation>
      <citation srep-phase="applicant">
        <patcit num="77">
          <text>BRAENNSTROEM ROLAND</text>
          <document-id>
            <country>WO</country>
            <doc-number>9108539</doc-number>
            <kind>A1</kind>
          </document-id>
          <document-id data-format="questel">
            <doc-number>WO9108539</doc-number>
          </document-id>
        </patcit>
      </citation>
      <citation srep-phase="applicant">
        <patcit num="78">
          <text>BERTIN &amp; CIE</text>
          <document-id>
            <country>WO</country>
            <doc-number>9111063</doc-number>
            <kind>A1</kind>
          </document-id>
          <document-id data-format="questel">
            <doc-number>WO9111063</doc-number>
          </document-id>
        </patcit>
      </citation>
      <citation srep-phase="applicant">
        <patcit num="79">
          <text>ELIS IDENTIFIKATIONSSYSTEME GE</text>
          <document-id>
            <country>WO</country>
            <doc-number>9208213</doc-number>
            <kind>A1</kind>
          </document-id>
          <document-id data-format="questel">
            <doc-number>WO9208213</doc-number>
          </document-id>
        </patcit>
      </citation>
      <citation srep-phase="applicant">
        <patcit num="80">
          <text>NITSCHKE PATRICK, et al</text>
          <document-id>
            <country>WO</country>
            <doc-number>9209054</doc-number>
            <kind>A1</kind>
          </document-id>
          <document-id data-format="questel">
            <doc-number>WO9209054</doc-number>
          </document-id>
        </patcit>
      </citation>
      <citation srep-phase="applicant">
        <patcit num="81">
          <text>ELECTRONIC RETAILING SYST</text>
          <document-id>
            <country>WO</country>
            <doc-number>9305456</doc-number>
            <kind>A1</kind>
          </document-id>
          <document-id data-format="questel">
            <doc-number>WO9305456</doc-number>
          </document-id>
        </patcit>
      </citation>
      <citation srep-phase="applicant">
        <patcit num="82">
          <text>PRICER NORDEN AB, et al</text>
          <document-id>
            <country>WO</country>
            <doc-number>9400895</doc-number>
            <kind>A1</kind>
          </document-id>
          <document-id data-format="questel">
            <doc-number>WO9400895</doc-number>
          </document-id>
        </patcit>
      </citation>
      <citation srep-phase="applicant">
        <patcit num="83">
          <text>PRICER NORDEN AB, et al</text>
          <document-id>
            <country>WO</country>
            <doc-number>9411834</doc-number>
            <kind>A1</kind>
          </document-id>
          <document-id data-format="questel">
            <doc-number>WO9411834</doc-number>
          </document-id>
        </patcit>
      </citation>
      <citation srep-phase="applicant">
        <patcit num="84">
          <text>PRICER NORDEN AB, et al</text>
          <document-id>
            <country>WO</country>
            <doc-number>9411833</doc-number>
            <kind>A1</kind>
          </document-id>
          <document-id data-format="questel">
            <doc-number>WO9411833</doc-number>
          </document-id>
        </patcit>
      </citation>
      <citation srep-phase="applicant">
        <patcit num="85">
          <text>PRICER NORDEN AB, et al</text>
          <document-id>
            <country>WO</country>
            <doc-number>9411835</doc-number>
            <kind>A1</kind>
          </document-id>
          <document-id data-format="questel">
            <doc-number>WO9411835</doc-number>
          </document-id>
        </patcit>
      </citation>
      <citation srep-phase="applicant">
        <patcit num="86">
          <text>ELECTRONIC RETAILING SYST</text>
          <document-id>
            <country>WO</country>
            <doc-number>9417615</doc-number>
            <kind>A2</kind>
          </document-id>
          <document-id data-format="questel">
            <doc-number>WO9417615</doc-number>
          </document-id>
        </patcit>
      </citation>
      <citation srep-phase="applicant">
        <patcit num="87">
          <document-id>
            <country>SE</country>
            <doc-number>9103048</doc-number>
            <kind>A</kind>
          </document-id>
          <document-id data-format="questel">
            <doc-number>SE9103048</doc-number>
          </document-id>
        </patcit>
      </citation>
      <citation srep-phase="applicant">
        <patcit num="88">
          <text>ALAN EDWIN POWELL, et al</text>
          <document-id>
            <country>ZA</country>
            <doc-number>8900714</doc-number>
            <kind>B</kind>
          </document-id>
          <document-id data-format="questel">
            <doc-number>ZA8900714</doc-number>
          </document-id>
        </patcit>
      </citation>
      <citation srep-phase="applicant">
        <nplcit num="1">
          <text>RD34494-Electronic Price Tag, Research Disclosure (Dec. 1992) p. 969.</text>
        </nplcit>
      </citation>
    </references-cited>
    <related-documents>
      <continuation>
        <relation>
          <parent-doc>
            <document-id>
              <country>US</country>
              <doc-number>30993494</doc-number>
              <kind>A</kind>
              <date>19940921</date>
            </document-id>
            <parent-status>ABANDONED</parent-status>
          </parent-doc>
        </relation>
      </continuation>
      <continuation-in-part>
        <relation>
          <parent-doc>
            <document-id>
              <country>US</country>
              <doc-number>11646893</doc-number>
              <kind>A</kind>
              <date>19930903</date>
            </document-id>
          </parent-doc>
        </relation>
        <relation>
          <parent-doc>
            <document-id>
              <country>US</country>
              <doc-number>5537126</doc-number>
              <kind>A</kind>
            </document-id>
          </parent-doc>
        </relation>
      </continuation-in-part>
    </related-documents>
    <parties>
      <applicants>
        <applicant data-format="original" app-type="applicant" sequence="1">
          <addressbook lang="en">
            <orgname>Display Edge Technology, Ltd.</orgname>
            <address>
              <address-1>Troy, OH, US</address-1>
              <city>Troy</city>
              <state>OH</state>
              <country>US</country>
            </address>
          </addressbook>
          <nationality>
            <country>US</country>
          </nationality>
        </applicant>
        <applicant data-format="questel" app-type="applicant" sequence="2">
          <addressbook lang="en">
            <orgname>DISPLAY EDGE TECHNOLOGY</orgname>
          </addressbook>
          <nationality>
            <country>US</country>
          </nationality>
        </applicant>
      </applicants>
      <inventors>
        <inventor data-format="original" sequence="1">
          <addressbook lang="en">
            <name>Frederick, W. Richard</name>
            <address>
              <address-1>Mundelein, IL, US</address-1>
              <city>Mundelein</city>
              <state>IL</state>
              <country>US</country>
            </address>
          </addressbook>
          <nationality>
            <country>US</country>
          </nationality>
        </inventor>
        <inventor data-format="original" sequence="2">
          <addressbook lang="en">
            <name>Kayser, Kenneth W.</name>
            <address>
              <address-1>St. Charles, IL, US</address-1>
              <city>St. Charles</city>
              <state>IL</state>
              <country>US</country>
            </address>
          </addressbook>
          <nationality>
            <country>US</country>
          </nationality>
        </inventor>
      </inventors>
      <agents>
        <agent sequence="1" rep-type="agent">
          <addressbook lang="en">
            <orgname>Thompson Hine &amp; Flory LLP</orgname>
          </addressbook>
        </agent>
      </agents>
    </parties>
    <examiners>
      <primary-examiner>
        <name>Nguyen, Chanh</name>
      </primary-examiner>
    </examiners>
    <lgst-data>
      <lgst-status>EXPIRED</lgst-status>
    </lgst-data>
  </bibliographic-data>
  <abstract format="original" lang="en" id="abstr_en">
    <p id="P-EN-00001" num="00001">
      <br/>
      A power and communication system is provided for a product information display system associated with a product display or storage establishment having multiple product display or storage areas.
      <br/>
      A plurality of electronic display tags are mounted adjacent the product display or storage areas.
      <br/>
      An electrical power system supplies a/c. power to the display tags.
      <br/>
      A main power distribution loop is connected to the power supply and is magnetically coupled to multiple branch power distribution loops which extend along selected groups of display tags for supplying power to those display tags.
    </p>
  </abstract>
  <description format="original" lang="en" id="desc_en">
    <heading>CROSS-REFERENCE TO RELATED APPLICATION</heading>
    <p num="1">
      This application is a continuation-in-part of U.S. patent application Ser.
      <br/>
      No. 08/116,468 filed Sep. 3, 1993 now U.S. Pat. No. 5,537,126.
    </p>
    <p num="2">
      This applicatin is a continuation of application Ser.
      <br/>
      No. 08/309,934 filed Sep. 21, 1994 now abandoned.
    </p>
    <p num="3">1. Field of the Invention</p>
    <p num="4">This invention relates generally to electronic display tag systems for use in product display or storage establishments and, more particularly, to a power and control signal distribution arrangement for such display tag systems.</p>
    <p num="5">2. Background of the Invention</p>
    <p num="6">
      Both wired and wireless electronic shelf tag systems have been proposed heretofore, as in U.S. Pat. Nos. 5,198,644; 5,172,314; 5,111,196; 5,019,811; 4,937,586; 4,821,291; 4,603,495; 4,525,713; 4,521,677; and 4,500,880.
      <br/>
      The wired systems have the advantage of not requiring batteries or photovoltaic power sources in the tags.
      <br/>
      A disadvantage of the wired systems, however, is the need to install thousands of feet of wire.
      <br/>
      A typical grocery store may use 20,000 tags, and a wired tag system typically uses an average of three feet of wire per tag.
      <br/>
      Thus a total of 60,000 feet of wire may be required in a single store.
    </p>
    <p num="7">
      In addition to the installation problem, wired systems require numerous connections between the wires and the display tags, between the wires on the shelves and wires on the gondolas on which the shelves are usually mounted, and between the wires on adjacent gondolas.
      <br/>
      These numerous connections complicate the re-location of gondolas, or the re-location of shelves within a gondola.
      <br/>
      In addition, the contacts used to make the connections must either be made of expensive corrosion-resistant material, such as gold-plated contacts, or else replaced from time to time as corrosion occurs.
    </p>
    <p num="8">
      Another problem with wired display tag systems is electrostatic discharge, which can occur if a shopper gets too close to an inadequately protected wire or connector contact.
      <br/>
      Such discharges can damage the expensive electronic equipment included in the tag system, and can cause even greater losses by shutting down the display system.
    </p>
    <heading>SUMMARY OF THE INVENTION</heading>
    <p num="9">
      It is a primary object of the present invention to provide an improved electronic display tag wiring system which avoids the need for electrical contacts in the numerous connections among the various components of the system.
      <br/>
      A related object is to provide an improved electronic display tag system which does not require batteries or photovoltaic sources in the tags.
    </p>
    <p num="10">
      It is another important object of this invention to provide such an improved electronic display tag wiring system which facilitates the installation of the thousands of feet of wire required in such a system.
      <br/>
      In this connection, a related object of the invention is to provide such an improved system which also facilitates relocation of gondolas or of the shelves within a gondola.
    </p>
    <p num="11">A further object of this invention is to provide an improved electronic display tag wiring system which significantly reduces the cost of installing and maintaining the system.</p>
    <p num="12">Yet another object of this invention is to provide such an improved electronic display tag wiring system which virtually eliminates any risk of losses due to electrostatic discharges.</p>
    <p num="13">A still further object of this invention is to provide an improved electronic display tag wiring system which greatly reduces the need for periodic replacement of corroded parts.</p>
    <p num="14">In accordance with the present invention, the foregoing objectives are realized by providing a power and communication system for electronic display tags which includes a plurality of such tags mounted adjacent to the multiple product display or storage areas, an electrical power supply for supplying a-c. power to the display tags, a source of control signals for the display tags, multiple branch distribution loops each of which extends along a selected group of the display tags for supplying power and control signals to the display tags, and a main distribution loop connected to the power supply and control signal source and magnetically coupled to the branch loops for supplying power and control signals to the branch loops.</p>
    <p num="15">In a preferred embodiment of the invention, the branch distribution loops, at least portions of the main distribution loop, and magnetic cores for forming the magnetic couplings are all prefabricated as modular units which can be easily and quickly installed and assembled on site in the product display or storage establishment, and which can also be easily disconnected and re-connected whenever it is desired to rearrange any portion of the display or storage system.</p>
    <heading>BRIEF DESCRIPTION OF THE DRAWING</heading>
    <p num="16">
      FIG. 1 is a perspective view of a typical layout of part of a retail store equipped with a product information display system embodying the present invention;
      <br/>
      FIG. 2 is an enlarged view of a portion of FIG. 1;
      <br/>
      FIG. 3 is an enlarged section taken generally along line 3--3 in FIG. 2;
      <br/>
      FIG. 4 is an enlarged plan view of the end portion of the module mounted on the top of one of the gondolas illustrated in FIGS. 1 and 2;
      <br/>
      FIG. 5 is an enlarged end elevation of one of the gondolas illustrated in FIGS. 1 and 2;
      <br/>
      FIG. 6 is an enlarged side elevation of one of the two vertical wiring modules included in each gondola, as illustrated in FIG. 5;
      <br/>
      FIG. 7 is a section taken generally along line 7--7 in FIG. 6;
      <br/>
      FIG. 8 is a section taken generally along line 8--8 in FIG. 6;
      <br/>
      FIG. 9 is a further enlarged end elevation of the top portion of the gondola illustrated in FIG. 5, with the end wall of the gondola broken away to show the internal structure;
      <br/>
      FIG. 9a is a schematic illustration of a portion of the main distribution loop in the system of FIGS. 1-8;
      <br/>
      FIG. 10 is an enlarged and exploded view of the junction box mounted on the top of the end portion of the gondola illustrated in FIG. 9;
      <br/>
      FIG. 11 is a side elevation of the exploded junction box of FIG. 10;
      <br/>
      FIG. 12 is a diagrammatic exploded side elevation of the various wiring and coupling modules included in the power and communication system illustrated in FIGS. 1 and 2;
      <br/>
      FIG. 13 is an enlarged vertical section through one of the shelf rails in the system of FIGS. 1 and 2;
      <br/>
      FIG. 14 is a side elevation of the rail of FIG. 13 with the wiring installed thereon;
      <br/>
      FIG. 15 is a vertical section through one of the shelves in the system of FIGS. 1 and 2, and illustrating the electrical wiring arrangement at the rear of the shelf;
      <br/>
      FIG. 16 is an enlarged side elevation of one of the wiring elements illustrated in FIG. 15;
      <br/>
      FIG. 17 is an end elevation of the wiring element of FIG. 16;
      <br/>
      FIG. 18 is an enlarged end elevation of one of the shelves in the system of FIG. 1.;
      <br/>
      FIG. 19 is an exploded perspective view of one of the magnetic core units used to form the magnetic coupling between the wiring on one of the shelves and one of the vertical wiring modules;
      <br/>
      FIG. 20 is a top plan view of the magnetic core module illustrated in FIG. 19;
      <br/>
      FIG. 21 is a side plan view of the module illustrated in FIG. 20; and
      <br/>
      FIG. 22 is an end elevation of the module of FIGS. 20 and 21, after the module has been closed around the two pairs of connectors that complete a magnetic coupling.
    </p>
    <heading>DETAILED DESCRIPTION OF PREFERRED EMBODIMENTS</heading>
    <p num="17">
      While the invention is susceptible to various modifications and alternative forms, specific embodiments thereof have been shown by way of example in the drawings and will herein be described in detail.
      <br/>
      It should be understood, however, that it is not intended to limit the invention to the particular forms disclosed, but, on the contrary, the intention is to cover all modifications, equivalents and alternatives falling within the spirit and scope of the invention as defined by the appended claims.
    </p>
    <p num="18">
      Turning now to the drawings, FIG. 1 depicts part of a retail store including a product information display system arranged according to a preferred embodiment of the present invention.
      <br/>
      The system includes a plurality of display tags 10 disposed along the front rails 11 of the store's multiple display shelves 12.
      <br/>
      The prices, descriptions and/or special information for all the products are displayed on the front edges of the shelves 12, near the respective products.
      <br/>
      Typically, there is a one-to-one correspondence between each display tag 10 and a particular item of merchandise.
      <br/>
      Although certain applications may require a display tag 10 to display product-related information regarding multiple products, e.g., the respective products above and below the display tag 10, preferably each display tag 10 displays information for only one product.
    </p>
    <p num="19">
      The information to be displayed at each display tag 10 is provided by a system controller 13.
      <br/>
      The system controller 13 communicates with the display tags 10 through a gondola-mounted area controller 14 which services a large number of display tags 10 in a prescribed area.
      <br/>
      Each area controller 14 is contained in an enclosed housing which is mounted on one of the gondolas 15 on which the shelves are mounted.
      <br/>
      The system controller 13 regularly communicates with the display tags 10 for monitoring and reporting display tag failures to the system user and for identifying service inquiries and updating the display information, e.g., with price changes.
    </p>
    <p num="20">
      Each area controller 14 supplies both power and control signals to its display tags via a single main distribution loop and numerous branch distribution loops.
      <br/>
      The area controller 14 also monitors the display tags and receives signals generated by the tags, such as service requests and acknowledgement signals.
      <br/>
      A single area controller can usually service at least 1000 display tags.
      <br/>
      Although the gondolas 15 in FIGS. 1 and 2 are illustrated with only three shelves on each side, a gondola typically has about twelve shelves (six on each side), with an average of about six tags per shelf, or 72 tags per gondola.
      <br/>
      Thus, a single area controller can service 12 to 15 gondolas.
    </p>
    <p num="21">
      The main distribution loop connected to each area controller 14 is formed by a series arrangement of two standard modules 22 and 23 (see FIG. 12).
      <br/>
      The first module 22 will be referred to herein as the "transfer module," and is simply a pair of parallel wires 24 and 25 encased in a dielectric strip 26 that can be easily attached to the top of a gondola 15.
      <br/>
      The dielectric surrounding each wire preferably has a thickness of about 0.015 to 0.020 inch to protect the system from electrostatic discharges.
      <br/>
      If desired, the flat side of the strip 26 may be coated with an adhesive 26a, protected until installation by a releasable backing, to facilitate application of the strip to the gondola.
      <br/>
      The dielectric strip 26 containing the two wires 24, 25 can be manufactured in large quantities at a low cost by a conventional extrusion process.
      <br/>
      The distance between the wires 24, 25 is preferably minimized to reduce inductance.
      <br/>
      For example, when the wire is 18 AWG multi-strand wire, the center-to-center spacing of the wires may be 0.125 inch.
      <br/>
      As illustrated in FIG. 4, the mounting strip 26 is removed from a 2 to 3-inch length of both wires at both ends, and a quick connect 27 is crimped onto each exposed wire end.
    </p>
    <p num="22">
      The second module 23 used to form the main distribution loop will be referred to herein as the "coupling module," and extends vertically along one end of each side of the gondola.
      <br/>
      Each coupling module 23 is a pair of parallel conductors 30 and 31 joined at the lower end to form a U-shaped segment of the main distribution loop.
      <br/>
      A single module 23 is used to distribute power and control signals to all the shelves on one side of a gondola.
      <br/>
      As in the case of the transfer module 22, the conductors 30, 31 in the coupling module 23 are encased in a dielectric strip 32 which covers the outside surface of each conductor 30, 31 with a dielectric thickness of at least 0.015 to 0.020 inch to protect the system from electrostatic discharges.
    </p>
    <p num="23">
      To facilitate installation of the coupling module 23 in the 0.25-inch gap that normally exists behind the shelves on a gondola (see FIG. 5), the conductors 30, 31 are preferably in the form of thin flat strips of copper, e.g., 0.110 inch by 0.018 inch.
      <br/>
      These strips are contained in channels of a dielectric strip 32 having a total thickness of 0.0446 inch, and are held in place by a thin insulating plastic sheet 33 (FIG. 7) that is thermally bonded to the dielectric strip 32.
      <br/>
      A conductive cross bar 34 connects the two conductors 30, 31 at the lower end of the strip 32.
      <br/>
      At the upper end, the two conductors terminate in a configuration that mates with the quick connects 27 on the ends of the transfer module 22, so that the two modules 22 and 23 can be easily and quickly snapped together.
    </p>
    <p num="24">
      In order to facilitate coupling of the conductors 30 and 31 to the branch distribution loops on the shelf rails, rectangular holes 35 are formed in the central web of the dielectric strip 32, at regular intervals along the length of the strip.
      <br/>
      As will be described in detail below, these holes 35 are used to receive a snap-on magnetic core module that couples the main and branch distribution loops.
      <br/>
      The center-to-center spacing of the holes 35 along the length of the strip is preferably the same as that of the shelf-mounting holes 36 in the shelf-support column 37 on the gondola (FIG. 9), so that a hole 35 will always be located close to the rear edge of a shelf, regardless of where the shelf is mounted on the gondola.
      <br/>
      The coupling modules 23 may be prefabricated in different lengths to match the dimensions of gondolas of varying heights.
    </p>
    <p num="25">
      To facilitate alignment of the transfer and coupling modules 22 and 23 at the top of each gondola, and to enclose the connections between these two modules, the junction box 40 shown in FIGS. 9-12 is preferably used.
      <br/>
      This junction box 42 also aligns the holes 35 in the coupling module 23 with the shelf-mounting holes 36 in the gondola.
      <br/>
      This junction box 40 is formed in two parts 41 and 42, joined by a series of snap locks formed by depending clips 43 on the upper part 41 and mating holes 44 in the lower part 42.
      <br/>
      The upper ends of the coupling modules 23 are aligned by a pair of plugs 45 which fit through a corresponding pair of holes 46 in a pair of opposed vertical walls 47 and 48 of the junction box.
      <br/>
      The prongs on the inner ends of the plugs 45 fit into corresponding holes 49 (FIG. 10) near the upper ends of the coupling modules 23, thereby fixing the positions of the upper ends of the coupling modules both horizontally and vertically.
    </p>
    <p num="26">
      The transfer module 22 on the top of the gondola is registered in a pair of notches 50 formed in the lower ends of a pair of guide legs 51 depending from opposite sides of the upper part 41 of the junction box.
      <br/>
      This registration ensures that the quick connects 27 on the end of the transfer module 22 will be conveniently located with respect to the upper ends of the conductors 30 and 31 in the coupling module 23.
    </p>
    <p num="27">
      To position the junction box 40 itself, the lower part 42 has a depending alignment leg 52 which fits into the interior of the shelf-support column 37 of the gondola.
      <br/>
      The open top of this steel column 37 is normally closed with a plastic cap, which can be simply removed and replaced with the lower part 42 of the junction box.
      <br/>
      Thus the junction box 40 will always be precisely positioned with respect to the ends of the gondola shelves, whose positions are fixed by the steel column 37.
    </p>
    <p num="28">
      Each shelf 12 has its own branch distribution loop, mounted on the rear side of an extruded plastic rail 60 that snaps onto the front of a standard shelf.
      <br/>
      FIGS. 13 and 14 illustrate a preferred arrangement for mounting the display tags 10 on a conventional shelf 12 which includes a depending rail 61 (FIG. 18) formed as an integral part of the shelf.
      <br/>
      The auxiliary rail 60 is snapped into the shelf rail 61 and extends continuously along the full length of a shelf 12 for receiving both the display tags 10 and the branch loop.
    </p>
    <p num="29">
      The auxiliary rail 60 is designed so that the display tags 10 and a conductor 62 that forms the branch loop may be snapped into place on the rail.
      <br/>
      The insulated conductor 62 is mounted in two channels 63 and 64 formed near the top and bottom of the rear wall of the rail 60.
      <br/>
      The tags 10 are received in a channel 65 formed in the front side of the rail 60.
      <br/>
      The tags are recessed inside, and held in place by, a pair of flanges 66 and 67 so that the tags do not protrude from the rail.
      <br/>
      A curved rib 65a extends across a major portion of the space behind the upper flange 66 so as to form a spring element that can be deflected by pressing a tag upwardly behind the flange 66; the rib 65a then exerts a biasing pressure on the inserted tag to hold it in place on the rail 60.
      <br/>
      A hollow core 68 on the rear side of the rail 60 snaps into the open recess formed on the front of a standard shelf rail 61 to hold the rail 60 in place on the shelf rail 61.
    </p>
    <p num="30">
      When a display tag 10 is attached to the rail 60, a pick-up coil on the tag is in close proximity to the two parallel runs of the conductor 62 on the rear side of the rail 60.
      <br/>
      Thus, the pick-up coil is electromagnetically coupled to both segments of the conductor 62.
      <br/>
      The conductor 62 is snapped into the top channel 63 of the rail 60, spans the length of the store shelf 12, and then loops to the bottom channel 64 of the rail 60 and spans the length of the shelf rail again.
      <br/>
      Alternate phasing of vertically adjacent shelves minimizes cross talk between adjacent conductors along the shelves and avoids any significant radiation of signals from the entire system or susceptibility from other sources.
    </p>
    <p num="31">
      At the rail end adjacent the vertical coupling module 23, the conductor 62 is extended to form a U-shaped segment 70 that can be magnetically coupled to the module 23.
      <br/>
      As can be seen in FIGS. 14-17, the portion of the U-shaped extension 70 adjacent the end of the rail 60 is simply a side-by-side extension of the two runs of wire 62 mounted on the rail.
      <br/>
      This portion of the extension 70 is long enough to traverse the underside of the shelf, from the front edge to the rear edge, and may be provided with an adhesive coating on one side to facilitate attachment thereof to the underside of a shelf.
      <br/>
      At the lower end of the rear edge of the shelf, the two ends of the wire 62 are joined to two legs of a U-shaped flat conductor 71 enclosed in a thin, flat dielectric case 72.
      <br/>
      This flat conductor 71 is similar to the flat copper conductors 30, 31 in the coupling module 23, and the closed end portion 73 of the encased U-shaped conductor 71 has exactly the same width and thickness as the coupling module 23.
      <br/>
      It also has a rectangular hole 74, between the legs of the U, of exactly the same dimensions as the holes 35 in the coupling module 23.
      <br/>
      Accordion folds 75 are preferably formed near the open end of the U to permit the length of the U to be varied slightly to accommodate small variations in the distance between the rear edge of the shelf and the nearest hole 35 in the coupling module 23.
    </p>
    <p num="32">
      To form a magnetic coupling between the branch and main distribution loops, the flat U-shaped portion 71 of the branch loop extension 70 is placed flat against the coupling module 23 with the rectangular holes 74, 35 in the two flat elements in exact register with each other.
      <br/>
      A two-piece magnetic core 80 is then clamped against opposite sides of the two flat elements, and fastened together by a hinged dielectric casing 81 attached to the two parts of the core.
      <br/>
      One part of the magnetic core 80 is an E-shaped piece 82 in which the middle arm 83 of the E is dimensioned to fit into and extend through the registered rectangular holes in the two flat elements 73 and 23.
      <br/>
      The other two arms 84 and 85 of the E extend along the outside edges of the two flat elements.
    </p>
    <p num="33">
      The second part of the magnetic core 80 is a straight piece 86 which closes the open side of the E when the two pieces 82 and 86 are brought together.
      <br/>
      The resulting core completely surrounds the two conductors in both flat elements 73 and 23, as can be seen in FIG. 22, and also fills the common central opening formed by the registered holes 74, 35 between the two pairs of conductors.
      <br/>
      Thus, current flow in either loop 70 or 23 will induce a corresponding current flow in the other loop through the magnetic coupling.
      <br/>
      The energy transfer through the magnetic coupling is highly efficient, e.g., as high as 95%.
    </p>
    <p num="34">
      To hold the two pieces of the magnetic core together, with the two flat elements 73 and 23 sandwiched between the core pieces 82 and 86, the hinged dielectric case 81 for the core pieces includes a latch that snaps closed as the two core pieces are brought into engagement with each other.
      <br/>
      Specifically, a channel 87 with an inturned lip 88 formed on one free end of the housing flexes outwardly as it is forced past an angled lip 89 on the other free end of the housing.
      <br/>
      When the edges of the two lips 88 and 89 clear each other, the outer lip 88 snaps into the groove formed by the inner angled lip 89.
      <br/>
      This snap-action latch enables an installer to quickly and easily assemble the magnetic couplings that join the numerous branch loops to the various coupling modules 23 in the main loop.
      <br/>
      If the shelves are re-arranged at a later time, the core module can be easily unlatched, re-located, and re-latched.
      <br/>
      The two core pieces 82 and 86 are preferably pre-attached to their hinged case 81 by adhesive bonding so that the two core pieces and their case can be handled as a single part during assembly and dis-assembly of the magnetic coupling.
    </p>
    <p num="35">
      The modular construction of this invention permits large display tag systems to be assembled from only a few different types of prefabricated modules.
      <br/>
      The principal modules are the transfer module and the coupling module that make up the main distribution loop, the rail module that includes a branch distribution loop, and the magnetic core module.
      <br/>
      The junction box is not part of the electrical system but is another repetitive module that facilitates assembly of the electrical modules.
      <br/>
      Mass production of this relatively small number of modules reduces the overall cost of the display tag system, and significantly shortens the time required for installation.
      <br/>
      Moreover, the resulting system is highly reliable and relatively maintenance-free because of the small number of electrical contacts subject to corrosion.
      <br/>
      The system is also largely immune from damage from electrostatic discharges because all vulnerable portions of the system are enclosed in protective casings.
      <br/>
      Finally, this system provides virtually unlimited flexibility for the owner to re-locate any desired section of the display or storage facility with only minimal additional work to disconnect and re-connect the display system.
    </p>
  </description>
  <claims format="original" lang="en" id="claim_en">
    <claim num="1">
      <claim-text>What is claimed is:</claim-text>
      <claim-text>1.</claim-text>
      <claim-text>A power and communication system for a product information display system associated with a product display or storage establishment having multiple product display or storage areas each of which includes a plurality of shelves, comprising</claim-text>
      <claim-text>a plurality of electronic display tags mounted on said shelves in said product display or storage areas, an electrical power supply for supplying a-c power to said display tags, multiple branch power distribution loops each of which extends horizontally along said display tags on one of said shelves for supplying power to those display tags, a main power distribution loop connected to said power supply and including multiple vertical sections each of which extends vertically along said plurality of shelves in one of said product display or storage areas carrying a main electrical signal, each of said vertical sections being magnetically coupled to at least one of said branch loops for supplying power thereto; wherein each of said branch loops and the display tags associated therewith are mounted on a common rail with one end of the branch loop extending from one end of the rail in a p redetermined configuration adapted to form part of a magnetic coupling to said main loop;</claim-text>
      <claim-text>and wherein said predetermined configuration of said one end of each branch loop is a first flat dielectric strip encasing the loop, and said main loop includes a section encased in a second flat dielectric strip, said first and second dielectric strips forming mating openings for receiving a magnetic core for magnetically coupling the branch loop to the main loop.</claim-text>
    </claim>
    <claim num="2">
      <claim-text>2. The power and communication system of claim 1 wherein each magnetic core comprises a two-part magnetic core and a dielectric case for enclosing said core and attaching the core to said first and second dielectric strips with the core extending through said mating openings.</claim-text>
    </claim>
    <claim num="3">
      <claim-text>3. The power and communication system of claim 2 wherein said dielectric case is a hinged case and the two parts of said core are attached to said case on opposite sides of the hinge so that the core can be clamped onto said dielectric strips by closing the case.</claim-text>
    </claim>
    <claim num="4">
      <claim-text>4. The power and communication system of claim 1 wherein said multiple product display or storage areas comprise multiple gondolas each containing multiple shelves with at least one of said second dielectric strips extending vertically along the ends of a plurality of said shelves at the rear edges of said shelves, with one of said rails extending horizontally along the front edge of each shelf, and with the extensions of said branch loops extending between the front and rear edges of the shelves for coupling the branch loops on the front edges of the shelves to the main loop segment in the vertical dielectric strip at the rear edges of the shelves.</claim-text>
    </claim>
    <claim num="5">
      <claim-text>5. A power and communication system for a product information display system associated with a product display or storage establishment having multiple product display or storage areas each of which includes a plurality of shelves, comprising a plurality of electronic display tags mounted on said shelves in said product display or storage areas, an electrical power supply for supplying a-c power, multiple branch power distribution loops each of which extends horizontally along one of said shelves for carrying a branch electrical signal containing power to a group of display tags, each branch loop formed by an electrical conductor separate from its respective shelf;</claim-text>
      <claim-text>and a main power distribution loop carrying a main electrical signal and connected to said power supply and including multiple vertical sections each of which extends vertically along said plurality of shelves in one of said product display or storage areas, each of said vertical sections being magnetically coupled to at least one of said branch loops for inducing the branch electrical signal therein.</claim-text>
    </claim>
  </claims>
</questel-patent-document>