<?xml version="1.0" encoding="UTF-8"?>
<questel-patent-document lang="en" date-produced="20180805" produced-by="Questel" schema-version="3.23" file="US06181113B2.xml">
  <bibliographic-data lang="en">
    <publication-reference publ-desc="Granted patent as second publication">
      <document-id>
        <country>US</country>
        <doc-number>06181113</doc-number>
        <kind>B2</kind>
        <date>20010130</date>
      </document-id>
      <document-id data-format="questel">
        <doc-number>US6181113</doc-number>
      </document-id>
    </publication-reference>
    <original-publication-kind>B2</original-publication-kind>
    <application-reference is-representative="YES" family-id="23430166" extended-family-id="42107407">
      <document-id>
        <country>US</country>
        <doc-number>09363426</doc-number>
        <kind>A</kind>
        <date>19990729</date>
      </document-id>
      <document-id data-format="questel">
        <doc-number>1999US-09363426</doc-number>
      </document-id>
      <document-id data-format="questel_Uid">
        <doc-number>43163625</doc-number>
      </document-id>
    </application-reference>
    <language-of-filing>en</language-of-filing>
    <language-of-publication>en</language-of-publication>
    <priority-claims>
      <priority-claim kind="national" sequence="1">
        <country>US</country>
        <doc-number>36342699</doc-number>
        <kind>A</kind>
        <date>19990729</date>
        <priority-active-indicator>Y</priority-active-indicator>
      </priority-claim>
      <priority-claim data-format="questel" sequence="1">
        <doc-number>1999US-09363426</doc-number>
      </priority-claim>
    </priority-claims>
    <dates-of-public-availability>
      <publication-of-grant-date>
        <date>20010130</date>
      </publication-of-grant-date>
    </dates-of-public-availability>
    <classifications-ipcr>
      <classification-ipcr sequence="1">
        <text>G05F   1/70        20060101A I20051008RMEP</text>
        <ipc-version-indicator>
          <date>20060101</date>
        </ipc-version-indicator>
        <classification-level>A</classification-level>
        <section>G</section>
        <class>05</class>
        <subclass>F</subclass>
        <main-group>1</main-group>
        <subgroup>70</subgroup>
        <classification-value>I</classification-value>
        <generating-office>
          <country>EP</country>
        </generating-office>
        <classification-status>R</classification-status>
        <classification-data-source>M</classification-data-source>
        <action-date>
          <date>20051008</date>
        </action-date>
      </classification-ipcr>
      <classification-ipcr sequence="2">
        <text>H02M   1/12        20060101A I20051008RMEP</text>
        <ipc-version-indicator>
          <date>20060101</date>
        </ipc-version-indicator>
        <classification-level>A</classification-level>
        <section>H</section>
        <class>02</class>
        <subclass>M</subclass>
        <main-group>1</main-group>
        <subgroup>12</subgroup>
        <classification-value>I</classification-value>
        <generating-office>
          <country>EP</country>
        </generating-office>
        <classification-status>R</classification-status>
        <classification-data-source>M</classification-data-source>
        <action-date>
          <date>20051008</date>
        </action-date>
      </classification-ipcr>
    </classifications-ipcr>
    <classification-national>
      <country>US</country>
      <main-classification>
        <text>323209000</text>
        <class>323</class>
        <subclass>209000</subclass>
      </main-classification>
      <further-classification sequence="1">
        <text>307098000</text>
        <class>307</class>
        <subclass>098000</subclass>
      </further-classification>
      <further-classification sequence="2">
        <text>307102000</text>
        <class>307</class>
        <subclass>102000</subclass>
      </further-classification>
    </classification-national>
    <classifications-ecla>
      <classification-ecla sequence="1">
        <text>G05F-001/70</text>
        <section>G</section>
        <class>05</class>
        <subclass>F</subclass>
        <main-group>1</main-group>
        <subgroup>70</subgroup>
      </classification-ecla>
      <classification-ecla sequence="2">
        <text>H02M-001/12</text>
        <section>H</section>
        <class>02</class>
        <subclass>M</subclass>
        <main-group>1</main-group>
        <subgroup>12</subgroup>
      </classification-ecla>
    </classifications-ecla>
    <patent-classifications>
      <patent-classification sequence="1">
        <classification-scheme office="EP" scheme="CPC">
          <date>20130101</date>
        </classification-scheme>
        <classification-symbol>H02M-001/12</classification-symbol>
        <section>H</section>
        <class>02</class>
        <subclass>M</subclass>
        <main-group>1</main-group>
        <subgroup>12</subgroup>
        <symbol-position>F</symbol-position>
        <classification-value>I</classification-value>
        <classification-status>B</classification-status>
        <classification-data-source>H</classification-data-source>
        <action-date>
          <date>20130101</date>
        </action-date>
      </patent-classification>
      <patent-classification sequence="2">
        <classification-scheme office="EP" scheme="CPC">
          <date>20130101</date>
        </classification-scheme>
        <classification-symbol>G05F-001/70</classification-symbol>
        <section>G</section>
        <class>05</class>
        <subclass>F</subclass>
        <main-group>1</main-group>
        <subgroup>70</subgroup>
        <symbol-position>L</symbol-position>
        <classification-value>I</classification-value>
        <classification-status>B</classification-status>
        <classification-data-source>H</classification-data-source>
        <action-date>
          <date>20130101</date>
        </action-date>
      </patent-classification>
    </patent-classifications>
    <number-of-claims>8</number-of-claims>
    <exemplary-claim>1</exemplary-claim>
    <figures>
      <number-of-drawing-sheets>3</number-of-drawing-sheets>
      <number-of-figures>7</number-of-figures>
      <image-key data-format="questel">US6181113</image-key>
    </figures>
    <invention-title format="original" lang="en" id="title_en">Harmonic resonance control and protection system for switched power factor control capacitor devices</invention-title>
    <references-cited>
      <citation srep-phase="examiner">
        <patcit num="1">
          <text>ROSTRON JOSEPH P, et al</text>
          <document-id>
            <country>US</country>
            <doc-number>5963021</doc-number>
            <kind>A</kind>
          </document-id>
          <document-id data-format="questel">
            <doc-number>US5963021</doc-number>
          </document-id>
        </patcit>
      </citation>
      <citation srep-phase="applicant">
        <patcit num="2">
          <text>ESPELAGE PAUL M</text>
          <document-id>
            <country>US</country>
            <doc-number>3959719</doc-number>
            <kind>A</kind>
          </document-id>
          <document-id data-format="questel">
            <doc-number>US3959719</doc-number>
          </document-id>
        </patcit>
      </citation>
      <citation srep-phase="applicant">
        <patcit num="3">
          <text>HAVAS GEORGE</text>
          <document-id>
            <country>US</country>
            <doc-number>4139723</doc-number>
            <kind>A</kind>
          </document-id>
          <document-id data-format="questel">
            <doc-number>US4139723</doc-number>
          </document-id>
        </patcit>
      </citation>
      <citation srep-phase="applicant">
        <patcit num="4">
          <text>JUHLIN LARS-ERIK</text>
          <document-id>
            <country>US</country>
            <doc-number>4199804</doc-number>
            <kind>A</kind>
          </document-id>
          <document-id data-format="questel">
            <doc-number>US4199804</doc-number>
          </document-id>
        </patcit>
      </citation>
      <citation srep-phase="applicant">
        <patcit num="5">
          <text>PRICE ARTHUR L</text>
          <document-id>
            <country>US</country>
            <doc-number>4317076</doc-number>
            <kind>A</kind>
          </document-id>
          <document-id data-format="questel">
            <doc-number>US4317076</doc-number>
          </document-id>
        </patcit>
      </citation>
      <citation srep-phase="applicant">
        <patcit num="6">
          <text>GYUGYI LASZLO, et al</text>
          <document-id>
            <country>US</country>
            <doc-number>4638238</doc-number>
            <kind>A</kind>
          </document-id>
          <document-id data-format="questel">
            <doc-number>US4638238</doc-number>
          </document-id>
        </patcit>
      </citation>
      <citation srep-phase="applicant">
        <patcit num="7">
          <text>WHITED JAMES S</text>
          <document-id>
            <country>US</country>
            <doc-number>4645997</doc-number>
            <kind>A</kind>
          </document-id>
          <document-id data-format="questel">
            <doc-number>US4645997</doc-number>
          </document-id>
        </patcit>
      </citation>
      <citation srep-phase="applicant">
        <patcit num="8">
          <text>WILLIAMS TIMOTHY J, et al</text>
          <document-id>
            <country>US</country>
            <doc-number>4677364</doc-number>
            <kind>A</kind>
          </document-id>
          <document-id data-format="questel">
            <doc-number>US4677364</doc-number>
          </document-id>
        </patcit>
      </citation>
      <citation srep-phase="applicant">
        <patcit num="9">
          <text>REY ANTOINE, et al</text>
          <document-id>
            <country>US</country>
            <doc-number>4680531</doc-number>
            <kind>A</kind>
          </document-id>
          <document-id data-format="questel">
            <doc-number>US4680531</doc-number>
          </document-id>
        </patcit>
      </citation>
      <citation srep-phase="applicant">
        <patcit num="10">
          <text>PETTIGREW ROBERT D</text>
          <document-id>
            <country>US</country>
            <doc-number>4769587</doc-number>
            <kind>A</kind>
          </document-id>
          <document-id data-format="questel">
            <doc-number>US4769587</doc-number>
          </document-id>
        </patcit>
      </citation>
      <citation srep-phase="applicant">
        <patcit num="11">
          <text>TURNER JAMES B</text>
          <document-id>
            <country>US</country>
            <doc-number>5006973</doc-number>
            <kind>A</kind>
          </document-id>
          <document-id data-format="questel">
            <doc-number>US5006973</doc-number>
          </document-id>
        </patcit>
      </citation>
      <citation srep-phase="applicant">
        <patcit num="12">
          <text>WILD GEORG, et al</text>
          <document-id>
            <country>US</country>
            <doc-number>5053691</doc-number>
            <kind>A</kind>
          </document-id>
          <document-id data-format="questel">
            <doc-number>US5053691</doc-number>
          </document-id>
        </patcit>
      </citation>
      <citation srep-phase="applicant">
        <patcit num="13">
          <text>EL-SHARKAWI MOHAMED A, et al</text>
          <document-id>
            <country>US</country>
            <doc-number>5180963</doc-number>
            <kind>A</kind>
          </document-id>
          <document-id data-format="questel">
            <doc-number>US5180963</doc-number>
          </document-id>
        </patcit>
      </citation>
      <citation srep-phase="applicant">
        <patcit num="14">
          <text>BOWLER COLIN E J, et al</text>
          <document-id>
            <country>US</country>
            <doc-number>5227713</doc-number>
            <kind>A</kind>
          </document-id>
          <document-id data-format="questel">
            <doc-number>US5227713</doc-number>
          </document-id>
        </patcit>
      </citation>
      <citation srep-phase="applicant">
        <patcit num="15">
          <text>BRENNEN MICHAEL B, et al</text>
          <document-id>
            <country>US</country>
            <doc-number>5351180</doc-number>
            <kind>A</kind>
          </document-id>
          <document-id data-format="questel">
            <doc-number>US5351180</doc-number>
          </document-id>
        </patcit>
      </citation>
      <citation srep-phase="applicant">
        <patcit num="16">
          <text>KLERFORS BERTIL</text>
          <document-id>
            <country>US</country>
            <doc-number>5367197</doc-number>
            <kind>A</kind>
          </document-id>
          <document-id data-format="questel">
            <doc-number>US5367197</doc-number>
          </document-id>
        </patcit>
      </citation>
      <citation srep-phase="applicant">
        <patcit num="17">
          <text>KEMERER RAY S, et al</text>
          <document-id>
            <country>US</country>
            <doc-number>5548203</doc-number>
            <kind>A</kind>
          </document-id>
          <document-id data-format="questel">
            <doc-number>US5548203</doc-number>
          </document-id>
        </patcit>
      </citation>
      <citation srep-phase="applicant">
        <patcit num="18">
          <text>NYBERG KRISTER, et al</text>
          <document-id>
            <country>US</country>
            <doc-number>5568042</doc-number>
            <kind>A</kind>
          </document-id>
          <document-id data-format="questel">
            <doc-number>US5568042</doc-number>
          </document-id>
        </patcit>
      </citation>
      <citation srep-phase="applicant">
        <patcit num="19">
          <text>TSAI FU-SHENG, et al</text>
          <document-id>
            <country>US</country>
            <doc-number>5652700</doc-number>
            <kind>A</kind>
          </document-id>
          <document-id data-format="questel">
            <doc-number>US5652700</doc-number>
          </document-id>
        </patcit>
      </citation>
      <citation srep-phase="applicant">
        <patcit num="20">
          <text>KONSTANZER MICHAEL, et al</text>
          <document-id>
            <country>US</country>
            <doc-number>5654625</doc-number>
            <kind>A</kind>
          </document-id>
          <document-id data-format="questel">
            <doc-number>US5654625</doc-number>
          </document-id>
        </patcit>
      </citation>
      <citation srep-phase="applicant">
        <patcit num="21">
          <text>MARX THOMAS I, et al</text>
          <document-id>
            <country>US</country>
            <doc-number>5670864</doc-number>
            <kind>A</kind>
          </document-id>
          <document-id data-format="questel">
            <doc-number>US5670864</doc-number>
          </document-id>
        </patcit>
      </citation>
      <citation srep-phase="applicant">
        <patcit num="22">
          <text>FUKUI TSUTOMU, et al</text>
          <document-id>
            <country>US</country>
            <doc-number>5672956</doc-number>
            <kind>A</kind>
          </document-id>
          <document-id data-format="questel">
            <doc-number>US5672956</doc-number>
          </document-id>
        </patcit>
      </citation>
      <citation srep-phase="applicant">
        <patcit num="23">
          <text>BEYERLEIN WALTER, et al</text>
          <document-id>
            <country>US</country>
            <doc-number>5719757</doc-number>
            <kind>A</kind>
          </document-id>
          <document-id data-format="questel">
            <doc-number>US5719757</doc-number>
          </document-id>
        </patcit>
      </citation>
      <citation srep-phase="applicant">
        <patcit num="24">
          <text>DOVE DONALD C, et al</text>
          <document-id>
            <country>US</country>
            <doc-number>5736838</doc-number>
            <kind>A</kind>
          </document-id>
          <document-id data-format="questel">
            <doc-number>US5736838</doc-number>
          </document-id>
        </patcit>
      </citation>
      <citation srep-phase="applicant">
        <patcit num="25">
          <text>AENGQUIST LENNART</text>
          <document-id>
            <country>US</country>
            <doc-number>5801459</doc-number>
            <kind>A</kind>
          </document-id>
          <document-id data-format="questel">
            <doc-number>US5801459</doc-number>
          </document-id>
        </patcit>
      </citation>
    </references-cited>
    <parties>
      <applicants>
        <applicant data-format="original" app-type="applicant" sequence="1">
          <addressbook lang="en">
            <orgname>ABB Power T&amp;D Company Inc.</orgname>
            <address>
              <address-1>Raleigh, NC, US</address-1>
              <city>Raleigh</city>
              <state>NC</state>
              <country>US</country>
            </address>
          </addressbook>
          <nationality>
            <country>US</country>
          </nationality>
        </applicant>
        <applicant data-format="questel" app-type="applicant" sequence="2">
          <addressbook lang="en">
            <orgname>ABB POWER T &amp; D</orgname>
          </addressbook>
          <nationality>
            <country>US</country>
          </nationality>
        </applicant>
      </applicants>
      <inventors>
        <inventor data-format="original" sequence="1">
          <addressbook lang="en">
            <name>Hu, Yi</name>
            <address>
              <address-1>Cary, NC, US</address-1>
              <city>Cary</city>
              <state>NC</state>
              <country>US</country>
            </address>
          </addressbook>
          <nationality>
            <country>US</country>
          </nationality>
        </inventor>
        <inventor data-format="original" sequence="2">
          <addressbook lang="en">
            <name>Tang, Le</name>
            <address>
              <address-1>Cary, NC, US</address-1>
              <city>Cary</city>
              <state>NC</state>
              <country>US</country>
            </address>
          </addressbook>
          <nationality>
            <country>US</country>
          </nationality>
        </inventor>
        <inventor data-format="original" sequence="3">
          <addressbook lang="en">
            <name>Mathews, Harry G.</name>
            <address>
              <address-1>Cary, NC, US</address-1>
              <city>Cary</city>
              <state>NC</state>
              <country>US</country>
            </address>
          </addressbook>
          <nationality>
            <country>US</country>
          </nationality>
        </inventor>
        <inventor data-format="original" sequence="4">
          <addressbook lang="en">
            <name>Tyner, Richard E.</name>
            <address>
              <address-1>Florence, SC, US</address-1>
              <city>Florence</city>
              <state>SC</state>
              <country>US</country>
            </address>
          </addressbook>
          <nationality>
            <country>US</country>
          </nationality>
        </inventor>
      </inventors>
      <agents>
        <agent sequence="1" rep-type="agent">
          <addressbook lang="en">
            <orgname>Woodcock Washburn Kurtz Mackiewicz &amp; Norris LLP</orgname>
          </addressbook>
        </agent>
      </agents>
    </parties>
    <examiners>
      <primary-examiner>
        <name>Riley, Shawn</name>
      </primary-examiner>
    </examiners>
    <lgst-data>
      <lgst-status>GRANTED</lgst-status>
    </lgst-data>
  </bibliographic-data>
  <abstract format="original" lang="en" id="abstr_en">
    <p id="P-EN-00001" num="00001">
      <br/>
      A method and system for preventing sustained resonance conditions in a power system involves measuring voltage and current samples on a conductor to which a plurality of controlled capacitors are operatively coupled.
      <br/>
      The measured voltage and/or current is utilized to identify a resonance condition.
      <br/>
      The method or system determines whether the resonance condition is due to switching of a controlled capacitor and, if so a corrective switching operation is performed after a first time delay.
      <br/>
      If the resonance condition is determined not to be due to the switching of a capacitor, then a second switching operation, in which a second controlled capacitor is switched after a second time delay, is performed.
      <br/>
      The second time delay is preferably greater than the first time delay.
    </p>
  </abstract>
  <description format="original" lang="en" id="desc_en">
    <heading>FIELD OF THE INVENTION</heading>
    <p num="1">The present invention relates generally to power transmission and distribution systems, and more particularly to an efficient and reliable system for avoiding sustained resonance conditions in circuits employing power capacitors.</p>
    <heading>BACKGROUND OF THE INVENTION</heading>
    <p num="2">
      This invention relates to a resonance control and protection method and system for use in connection with a controllable power capacitor device.
      <br/>
      A controllable power capacitor device typically includes one or more power capacitor banks and a programmable control unit.
      <br/>
      It is known that resonance conditions can be created when such devices are utilized in applied power transmission and distribution circuits.
      <br/>
      Such resonance conditions may be due, e.g., to capacitor switching and/or system changes.
      <br/>
      The present invention seeks to provide a mechanism for detecting and remedying resonance conditions in power transmission and distribution systems.
      <br/>
      A further goal of the invention is to eliminate or alleviate the need for costly and complicated system studies, which are conventionally required when using power capacitor devices, and to simplify the design and application of controllable power capacitor devices.
    </p>
    <p num="3">
      Capacitor banks have been widely applied by utilities and customers with industrial distribution systems, both to provide voltage support and to improve the power factor of a load.
      <br/>
      Such capacitor banks are switched in and out of circuits as the demand for capacitive VAR compensation of the load fluctuates.
      <br/>
      There are also other devices, such as filters, etc., in industrial distribution systems that include power capacitors.
    </p>
    <p num="4">
      A resonance oscillation can occur in any circuit containing inductors and capacitors.
      <br/>
      For the simplest L-C circuit, shown in FIG. 1, closing the switch will cause the circuit to oscillate at its natural resonance frequency (f) determined by:  (Equation image '1' not included in text)
    </p>
    <p num="5">
      A practical power circuit usually includes multiple inductive and capacitive devices, and therefore the circuit can be resonant at multiple frequencies.
      <br/>
      A resonant oscillation in a practical circuit caused by a switching operation may not be sustained for a long period due to the losses in the circuit.
      <br/>
      However, the oscillation in the circuit could be sustained if harmonic sources are present in the circuit and one of the circuit resonant frequencies becomes the same as one of the harmonic source frequencies.
      <br/>
      Such a sustained harmonic resonance may cause significant harmonic distortion in the system voltages and currents, which may increase the losses in the circuit and cause damage to equipment operating in the system due to overheating and vibration.
    </p>
    <p num="6">
      Capacitor switching changes the topology of a circuit, which may tune the circuit to a resonance condition.
      <br/>
      This may result in sustained resonance oscillations in the circuit if one of the circuit frequencies is tuned to one of the harmonic source frequencies.
      <br/>
      The harmonic resonance could occur when a capacitor bank is switched into the circuit or when it is switched out of the circuit.
      <br/>
      FIGS. 2, 3 and 4 depicts waveforms exhibiting such resonance conditions.
      <br/>
      In FIGS. 2 and 3, energizing the capacitor results in a harmonic resonance, while in FIG. 4 switching off (de-energizing) the capacitor causes harmonic resonance to occur.
    </p>
    <p num="7">
      The waveforms depicted in FIGS. 2-4 were obtained from a simulated industrial distribution system of the kind shown in FIG. 5.
      <br/>
      The system of FIG. 5 includes a plurality of buses (numbered 1 through 9), loads and capacitors (denoted SC1, SC2 and SC3).
      <br/>
      The waveforms of FIGS. 2-4 were obtained when capacitor SC3 at bus 9 was switched on and off.
      <br/>
      It should be noted that the resonance oscillation could also be caused by other changes in the system, such as switching a circuit in or out of service, etc.
    </p>
    <p num="8">
      The most common solution to the resonance problem in the past has been to carefully design the parameters of the capacitor(s) to ensure that the circuit resonance frequencies stay away from the harmonic source frequencies.
      <br/>
      This usually requires a system study to be conducted for each power capacitor application.
      <br/>
      Other examples of prior art are cited in the Information Disclosure Statement filed herewith.
    </p>
    <heading>SUMMARY OF THE INVENTION</heading>
    <p num="9">
      The present invention is based on the recognition that a resonance condition can be de-tuned by properly switching the capacitors in a controllable power capacitor device.
      <br/>
      A control/protection system is provided by the invention for use in controllable power capacitor devices to overcome the above described resonance problem.
    </p>
    <p num="10">
      The present invention provides a method for preventing sustained resonance conditions in a power system.
      <br/>
      The inventive method involves the step of measuring voltage and current samples on a conductor to which a plurality of controlled capacitors are operatively coupled.
      <br/>
      The measured voltage and/or current is utilized to identify a resonance condition.
      <br/>
      The invention determines whether the resonance condition is due to switching of a controlled capacitor and, if so, a corrective switching operation (e.g., switching on or switching off a capacitance) is performed after a first time delay.
      <br/>
      If the resonance condition is determined not to be due to the switching of a capacitor, then the invention performs a capacitor switching operation after a second time delay.
      <br/>
      According to the invention, the second time delay is greater than the first time delay.
      <br/>
      For example, the first time delay may be approximately one cycle or more and the second time delay may be approximately three cycles or more.
    </p>
    <p num="11">Other aspects of the present invention are described below.</p>
    <heading>BRIEF DESCRIPTION OF THE DRAWINGS</heading>
    <p num="12">
      FIG. 1 schematically depicts one example of a resonant circuit.
      <br/>
      FIGS. 2-4 depict exemplary voltage (FIGS. 2 and 4) and current (FIG. 3) waveforms exhibiting resonance conditions caused by switching a capacitor particularly capacitor SC3 in FIG. 5).
      <br/>
      FIG. 5 schematically depicts an exemplary power system containing switched and fixed capacitors.
      <br/>
      FIG. 6 schematically depicts one example of a configuration of a power factor control (PFC) device.
      <br/>
      FIG. 7 schematically depicts a presently preferred implementation of control and protection logic in accordance with the present invention.
    </p>
    <heading>DETAILED DESCRIPTION OF PREFERRED EMBODIMENTS</heading>
    <p num="13">
      As mentioned, FIG. 6 illustrates an exemplary configuration of a power factor control (PFC) device 12 As shown, a controllable power capacitor device includes breaker switched capacitor banks 14a and 14b along with an intelligent control unit 16.
      <br/>
      The capacitor banks are switched in or out to adjust the load 18 power factor or the node voltage as close as possible to targeted values.
      <br/>
      The intelligent control unit 16 calculates the node voltage and/or actual power factor based on the measured voltage and current (obtained with voltage and current transformers, respectively), and controls the capacitor bank switching operations.
    </p>
    <p num="14">
      The PFC control unit 16 measures voltage (V) and current flow (I) into the device including the load (it may also measure current flow into the load and each capacitor bank separately).
      <br/>
      Total harmonic distortion (THD) and/or full spectrum analysis of the measured signals is performed and the change of these values before and after the capacitor switching operation is also computed.
      <br/>
      When these values exceed preset levels, a resonance condition and/or excessive harmonic distortion condition is declared.
      <br/>
      The resonance detection signals may be generated for each phase in a three-phase system.
      <br/>
      The signals are used in conjunction with other signals to determine the proper action to be taken.
      <br/>
      Since a resonance condition may be caused either by a controllable power capacitor device's own switching operation or by other system changes, different actions should be taken depending on the cause of the resonance.
    </p>
    <p num="15">
      FIG. 7 illustrates a presently preferred implementation of control/protection logic circuitry in accordance with the present invention.
      <br/>
      In FIG. 7, the signals denoted SW_RESx (where x represents a, b or c, corresponding to the three phases of a three-phase system) indicate, when active or high, that a resonance condition is detected immediately after the capacitor switching operation, while the signals denoted HARM_OVRx indicate that an excessive harmonic distortion condition (which could be a resonance condition caused by the changes on the system) is detected without any capacitor switching operation (i.e., the condition is not caused by operation of the capacitor).
      <br/>
      For the SW_RESx condition, a quick corrective switching operation (e.g., switch off a capacitor if its switch-on operation caused the problem, and vice versa) should be sufficient to remedy the situation.
      <br/>
      The operation signal denoted SW_RES_OP, which initiates the corrective switching operation, is generated after a predetermined short time delay (about one cycle) to avoid false detection due to capacitor switching transients.
      <br/>
      The signal denoted HARM_OVR_OP is generated after a longer time delay.
      <br/>
      The time delay is user-selectable, and should be longer than the first time delay to allow time for other controllable power capacitor devices to remedy problems caused by themselves and should allow a coordinated operation of all controllable power capacitor devices in a distribution system (e.g., they should not be operated at the same time and should not be operated in a conflicting manner (either all switched off or on)).
    </p>
    <p num="16">
      It should be noted that the HARM_OVR_PROT_EN signal is settable by the user to enable or disable the HARM_OVR_OP signal output by the AND circuit in FIG. 7.
      <br/>
      Moreover, the circuit of FIG. 7 may be implemented as part of the PFC control circuit 16 of FIG. 6.
      <br/>
      The PFC control circuit 16 preferably also includes circuitry for computing the total harmonic distortion for each phase as well as the harmonic level change.
      <br/>
      This circuitry would provide the HARM_OVRx and SW_RESx signals input to the FIG. 7 circuit.
    </p>
    <p num="17">
      The above description of presently preferred embodiments of the invention is not intended to imply that other embodiments or applications of the invention are not within the scope of protection of the following claims.
      <br/>
      Those skilled in the art of power transmission and distribution will recognize that alternative embodiments and applications within the true spirit of the invention are possible.
      <br/>
      For example, a communication mechanism may be added to form a coordinated harmonic resonance protection system comprising a plurality of PFC control circuits at different locations that operate in a coordinated fashion.
    </p>
  </description>
  <claims format="original" lang="en" id="claim_en">
    <claim num="1">
      <claim-text>We claim:</claim-text>
      <claim-text>1.</claim-text>
      <claim-text>A method for preventing sustained harmonic resonance conditions in a power system, comprising:</claim-text>
      <claim-text>(a) measuring voltage and current samples on a conductor to which a plurality of controlled capacitors are operatively coupled, wherein the conductor is part of a circuit and the controlled capacitors are switchable into and out of the circuit; (b) identifying a harmonic resonance condition based on at least one of the measured voltage or current; (c) determining whether the harmonic resonance condition is due to switching of a controlled capacitor into or out of the circuit;</claim-text>
      <claim-text>and (d) if the harmonic resonance condition is determined to be due to the switching of a capacitor into or out of the circuit, then performing a corrective switching operation after a first time delay;</claim-text>
      <claim-text>and (e) if the harmonic resonance condition is determined not to be due to the switching of a capacitor into or out of the circuit, then performing a capacitor switching operation in which a second controlled capacitor is switched into or out of the circuit after a second time delay, wherein the second time delay is greater than the first time delay; whereby sustained harmonic resonance conditions are avoided.</claim-text>
    </claim>
    <claim num="2">
      <claim-text>2. A method as recited in claim 1, wherein the first time delay is at least approximately one cycle.</claim-text>
    </claim>
    <claim num="3">
      <claim-text>3. A method as recited in claim 1, wherein the second time delay is larger than the first time delay.</claim-text>
    </claim>
    <claim num="4">
      <claim-text>4. A system for preventing sustained harmonic resonance conditions in a power system, comprising: voltage and current transformers for measuring voltage and current samples, respectively, on a conductor to which a plurality of controlled capacitors are operatively coupled, wherein the conductor is part of a circuit and the controlled capacitors are switchable into and out of the circuit; a control processor operatively coupled to the voltage and current transformer and to the controlled capacitors, wherein the control processor is programmed to perform the following process:</claim-text>
      <claim-text>(1) identify a harmonic resonance condition based on at least one of the measured voltage or current;</claim-text>
      <claim-text>(2) determine whether the harmonic resonance condition is due to switching of a controlled capacitor into or out of the circuit;</claim-text>
      <claim-text>and (3) if the harmonic resonance condition is determined to be due to the switching of a capacitor into or out of the circuit, then performing a corrective switching operation after a first time delay;</claim-text>
      <claim-text>and (4) if the harmonic resonance condition is determined not to be due to the switching of a capacitor into or out of the circuit, then performing a capacitor switching operation in which a second controlled capacitor is switched into or out of the circuit after a second time delay, wherein the second time delay is greater than the first time delay.</claim-text>
    </claim>
    <claim num="5">
      <claim-text>5. A system as recited in claim 4, wherein the first time delay is least approximately one cycle.</claim-text>
    </claim>
    <claim num="6">
      <claim-text>6. A system as recited in claim 4, wherein the second time delay is larger than the first time delay.</claim-text>
    </claim>
    <claim num="7">
      <claim-text>7. A method for preventing sustained harmonic resonance conditions in a power system, comprising: (a) measuring voltage and current samples on a conductor to which a plurality of controlled capacitors are operatively coupled, wherein the conductor is part of a circuit and the controlled capacitors are switchable into and out of the circuit; (b) identifying a harmonic resonance condition based on at least one of the measured voltage or current; (c) determining whether the harmonic resonance condition is due to switching of a controlled capacitor into or out of the circuit;</claim-text>
      <claim-text>and (d) if the harmonic resonance condition is determined to be due to the switching of a capacitor into or out of the circuit, then performing a corrective switching operation after a first time delay, wherein the first time delay is at least approximately one cycle; whereby sustained harmonic resonance conditions are avoided.</claim-text>
    </claim>
    <claim num="8">
      <claim-text>8. A method as recited in claim 7, further comprising: (a) if the resonance condition is determined not to be due to the switching of a capacitor into or out of the circuit, then performing a capacitor switching operation in which a second controlled capacitor is switched into or out of the circuit after a second time delay, wherein the second time delay is greater than the first time delay.</claim-text>
    </claim>
  </claims>
</questel-patent-document>