<?xml version="1.0" encoding="UTF-8"?>
<questel-patent-document lang="en" date-produced="20180805" produced-by="Questel" schema-version="3.23" file="US06181488B2.xml">
  <bibliographic-data lang="en">
    <publication-reference publ-desc="Granted patent as second publication">
      <document-id>
        <country>US</country>
        <doc-number>06181488</doc-number>
        <kind>B2</kind>
        <date>20010130</date>
      </document-id>
      <document-id data-format="questel">
        <doc-number>US6181488</doc-number>
      </document-id>
    </publication-reference>
    <original-publication-kind>B2</original-publication-kind>
    <application-reference family-id="16742714" extended-family-id="21203209">
      <document-id>
        <country>US</country>
        <doc-number>09562692</doc-number>
        <kind>A</kind>
        <date>20000502</date>
      </document-id>
      <document-id data-format="questel">
        <doc-number>2000US-09562692</doc-number>
      </document-id>
      <document-id data-format="questel_Uid">
        <doc-number>21744584</doc-number>
      </document-id>
    </application-reference>
    <language-of-filing>en</language-of-filing>
    <language-of-publication>en</language-of-publication>
    <priority-claims>
      <priority-claim kind="national" sequence="1">
        <country>US</country>
        <doc-number>56269200</doc-number>
        <kind>A</kind>
        <date>20000502</date>
        <priority-active-indicator>N</priority-active-indicator>
      </priority-claim>
      <priority-claim data-format="questel" sequence="1">
        <doc-number>2000US-09562692</doc-number>
      </priority-claim>
      <priority-claim kind="national" sequence="2">
        <country>JP</country>
        <doc-number>21989497</doc-number>
        <kind>A</kind>
        <date>19970731</date>
        <priority-active-indicator>Y</priority-active-indicator>
      </priority-claim>
      <priority-claim data-format="questel" sequence="2">
        <doc-number>1997JP-0219894</doc-number>
      </priority-claim>
      <priority-claim kind="national" sequence="3">
        <country>US</country>
        <doc-number>12198398</doc-number>
        <kind>A</kind>
        <date>19980724</date>
        <priority-linkage-type>1</priority-linkage-type>
        <priority-active-indicator>N</priority-active-indicator>
      </priority-claim>
      <priority-claim data-format="questel" sequence="3">
        <doc-number>1998US-09121983</doc-number>
      </priority-claim>
    </priority-claims>
    <dates-of-public-availability>
      <publication-of-grant-date>
        <date>20010130</date>
      </publication-of-grant-date>
    </dates-of-public-availability>
    <term-of-grant>
      <disclaimer/>
    </term-of-grant>
    <classifications-ipcr>
      <classification-ipcr sequence="1">
        <text>G02B   9/08        20060101A I20051008RMEP</text>
        <ipc-version-indicator>
          <date>20060101</date>
        </ipc-version-indicator>
        <classification-level>A</classification-level>
        <section>G</section>
        <class>02</class>
        <subclass>B</subclass>
        <main-group>9</main-group>
        <subgroup>08</subgroup>
        <classification-value>I</classification-value>
        <generating-office>
          <country>EP</country>
        </generating-office>
        <classification-status>R</classification-status>
        <classification-data-source>M</classification-data-source>
        <action-date>
          <date>20051008</date>
        </action-date>
      </classification-ipcr>
      <classification-ipcr sequence="2">
        <text>G02B  13/24        20060101A I20051008RMEP</text>
        <ipc-version-indicator>
          <date>20060101</date>
        </ipc-version-indicator>
        <classification-level>A</classification-level>
        <section>G</section>
        <class>02</class>
        <subclass>B</subclass>
        <main-group>13</main-group>
        <subgroup>24</subgroup>
        <classification-value>I</classification-value>
        <generating-office>
          <country>EP</country>
        </generating-office>
        <classification-status>R</classification-status>
        <classification-data-source>M</classification-data-source>
        <action-date>
          <date>20051008</date>
        </action-date>
      </classification-ipcr>
    </classifications-ipcr>
    <classification-national>
      <country>US</country>
      <main-classification>
        <text>359772000</text>
        <class>359</class>
        <subclass>772000</subclass>
      </main-classification>
      <further-classification sequence="1">
        <text>359756000</text>
        <class>359</class>
        <subclass>756000</subclass>
      </further-classification>
      <further-classification sequence="2">
        <text>359759000</text>
        <class>359</class>
        <subclass>759000</subclass>
      </further-classification>
      <further-classification sequence="3">
        <text>359771000</text>
        <class>359</class>
        <subclass>771000</subclass>
      </further-classification>
      <further-classification sequence="4">
        <text>359796000</text>
        <class>359</class>
        <subclass>796000</subclass>
      </further-classification>
    </classification-national>
    <classifications-ecla>
      <classification-ecla sequence="1">
        <text>G02B-009/08</text>
        <section>G</section>
        <class>02</class>
        <subclass>B</subclass>
        <main-group>9</main-group>
        <subgroup>08</subgroup>
      </classification-ecla>
      <classification-ecla sequence="2">
        <text>G02B-013/24</text>
        <section>G</section>
        <class>02</class>
        <subclass>B</subclass>
        <main-group>13</main-group>
        <subgroup>24</subgroup>
      </classification-ecla>
    </classifications-ecla>
    <patent-classifications>
      <patent-classification sequence="1">
        <classification-scheme office="EP" scheme="CPC">
          <date>20130101</date>
        </classification-scheme>
        <classification-symbol>G02B-013/24</classification-symbol>
        <section>G</section>
        <class>02</class>
        <subclass>B</subclass>
        <main-group>13</main-group>
        <subgroup>24</subgroup>
        <symbol-position>F</symbol-position>
        <classification-value>I</classification-value>
        <classification-status>B</classification-status>
        <classification-data-source>H</classification-data-source>
        <action-date>
          <date>20130101</date>
        </action-date>
      </patent-classification>
      <patent-classification sequence="2">
        <classification-scheme office="EP" scheme="CPC">
          <date>20130101</date>
        </classification-scheme>
        <classification-symbol>G02B-009/08</classification-symbol>
        <section>G</section>
        <class>02</class>
        <subclass>B</subclass>
        <main-group>9</main-group>
        <subgroup>08</subgroup>
        <symbol-position>L</symbol-position>
        <classification-value>I</classification-value>
        <classification-status>B</classification-status>
        <classification-data-source>H</classification-data-source>
        <action-date>
          <date>20130101</date>
        </action-date>
      </patent-classification>
    </patent-classifications>
    <number-of-claims>16</number-of-claims>
    <exemplary-claim>1</exemplary-claim>
    <figures>
      <number-of-drawing-sheets>4</number-of-drawing-sheets>
      <number-of-figures>27</number-of-figures>
      <image-key data-format="questel">US6181488</image-key>
    </figures>
    <invention-title format="original" lang="en" id="title_en">Photographic lens</invention-title>
    <references-cited>
      <citation srep-phase="examiner">
        <patcit num="1">
          <text>IIZUKA TAKASHI</text>
          <document-id>
            <country>US</country>
            <doc-number>4943146</doc-number>
            <kind>A</kind>
          </document-id>
          <document-id data-format="questel">
            <doc-number>US4943146</doc-number>
          </document-id>
        </patcit>
      </citation>
      <citation srep-phase="examiner">
        <patcit num="2">
          <text>GOOSEY JR WILLIAM T, et al</text>
          <document-id>
            <country>US</country>
            <doc-number>4991946</doc-number>
            <kind>A</kind>
          </document-id>
          <document-id data-format="questel">
            <doc-number>US4991946</doc-number>
          </document-id>
        </patcit>
      </citation>
      <citation srep-phase="examiner">
        <patcit num="3">
          <text>KANOSHIMA YUICHIRO</text>
          <document-id>
            <country>US</country>
            <doc-number>5121257</doc-number>
            <kind>A</kind>
          </document-id>
          <document-id data-format="questel">
            <doc-number>US5121257</doc-number>
          </document-id>
        </patcit>
      </citation>
      <citation srep-phase="examiner">
        <patcit num="4">
          <text>OHASHI KAZUYASU</text>
          <document-id>
            <country>US</country>
            <doc-number>5930056</doc-number>
            <kind>A</kind>
          </document-id>
          <document-id data-format="questel">
            <doc-number>US5930056</doc-number>
          </document-id>
        </patcit>
      </citation>
      <citation srep-phase="examiner">
        <patcit num="5">
          <text>YONEYAMA SHUJI</text>
          <document-id>
            <country>US</country>
            <doc-number>6002533</doc-number>
            <kind>A</kind>
          </document-id>
          <document-id data-format="questel">
            <doc-number>US6002533</doc-number>
          </document-id>
        </patcit>
      </citation>
      <citation srep-phase="examiner">
        <patcit num="6">
          <text>ASAHI OPTICAL CO LTD</text>
          <document-id>
            <country>JP</country>
            <doc-number>H11101939</doc-number>
            <kind>A</kind>
          </document-id>
          <document-id data-format="questel">
            <doc-number>JP11101939</doc-number>
          </document-id>
        </patcit>
      </citation>
      <citation srep-phase="applicant">
        <patcit num="7">
          <text>YOKOTA HIDEO, et al</text>
          <document-id>
            <country>US</country>
            <doc-number>4784480</doc-number>
            <kind>A</kind>
          </document-id>
          <document-id data-format="questel">
            <doc-number>US4784480</doc-number>
          </document-id>
        </patcit>
      </citation>
      <citation srep-phase="applicant">
        <patcit num="8">
          <text>KINOSHITA SADAMU, et al</text>
          <document-id>
            <country>JP</country>
            <doc-number>S5139527</doc-number>
            <kind>A</kind>
          </document-id>
          <document-id data-format="questel">
            <doc-number>JP51039527</doc-number>
          </document-id>
        </patcit>
      </citation>
      <citation srep-phase="applicant">
        <patcit num="9">
          <text>KONISHIROKU PHOTO IND</text>
          <document-id>
            <country>JP</country>
            <doc-number>S589117</doc-number>
            <kind>A</kind>
          </document-id>
          <document-id data-format="questel">
            <doc-number>JP58009117</doc-number>
          </document-id>
        </patcit>
      </citation>
      <citation srep-phase="applicant">
        <patcit num="10">
          <text>DEGUSSA</text>
          <document-id>
            <country>JP</country>
            <doc-number>S5134176</doc-number>
            <kind>A</kind>
          </document-id>
          <document-id data-format="questel">
            <doc-number>JP51034176</doc-number>
          </document-id>
        </patcit>
      </citation>
    </references-cited>
    <related-documents>
      <continuation>
        <relation>
          <parent-doc>
            <document-id>
              <country>US</country>
              <doc-number>12198398</doc-number>
              <kind>A</kind>
              <date>19980724</date>
            </document-id>
          </parent-doc>
        </relation>
      </continuation>
    </related-documents>
    <parties>
      <applicants>
        <applicant data-format="original" app-type="applicant" sequence="1">
          <addressbook lang="en">
            <orgname>Asahi Kogaku Kogyo Kabushiki Kaisha</orgname>
            <address>
              <address-1>Tokyo, JP</address-1>
              <city>Tokyo</city>
              <country>JP</country>
            </address>
          </addressbook>
          <nationality>
            <country>JP</country>
          </nationality>
        </applicant>
        <applicant data-format="questel" app-type="applicant" sequence="2">
          <addressbook lang="en">
            <orgname>ASAHI OPTICAL</orgname>
          </addressbook>
          <nationality>
            <country>JP</country>
          </nationality>
        </applicant>
      </applicants>
      <inventors>
        <inventor data-format="original" sequence="1">
          <addressbook lang="en">
            <name>Yoneyama, Shuji</name>
            <address>
              <address-1>Saitama, JP</address-1>
              <city>Saitama</city>
              <country>JP</country>
            </address>
          </addressbook>
          <nationality>
            <country>JP</country>
          </nationality>
        </inventor>
        <inventor data-format="original" sequence="2">
          <addressbook lang="en">
            <name>Minefuji, Nobutaka</name>
            <address>
              <address-1>Saitama, JP</address-1>
              <city>Saitama</city>
              <country>JP</country>
            </address>
          </addressbook>
          <nationality>
            <country>JP</country>
          </nationality>
        </inventor>
      </inventors>
      <agents>
        <agent sequence="1" rep-type="agent">
          <addressbook lang="en">
            <orgname>Greenblum &amp; Bernstein, P.L.C.</orgname>
          </addressbook>
        </agent>
      </agents>
    </parties>
    <examiners>
      <primary-examiner>
        <name>Epps, Georgia</name>
      </primary-examiner>
    </examiners>
    <lgst-data>
      <lgst-status>LAPSED</lgst-status>
    </lgst-data>
  </bibliographic-data>
  <abstract format="original" lang="en" id="abstr_en">
    <p id="P-EN-00001" num="00001">
      <br/>
      A photographic lens comprising: a front lens group and a rear lens group that are arranged in order from the object side; wherein the front lens group comprises, in order from the object side, a first lens element which is a positive meniscus lens having a convex surface facing the object side, a second lens element which is a positive meniscus lens having a convex surface facing the object side, and a third lens element that is cemented to the second lens element, the third lens element being a negative meniscus lens having a convex surface facing the object side; wherein said rear lens group comprises, in order from the object side, a fourth lens element which is a positive meniscus lens having a convex surface facing the image side; a fifth lens element which is a negative meniscus lens having a concave surface facing the object side; a sixth lens element that is cemented to the fifth lens element, the sixth lens element being a positive meniscus lens having a convex surface facing the image side; and wherein the front lens group and the rear lens group are moved toward the object side so that the distance between the front and rear lens groups more increases when a focusing operation is performed on the object at a closer object distance than when a focusing operation is performed on the object at a longer object distance.
    </p>
  </abstract>
  <description format="original" lang="en" id="desc_en">
    <p num="1">
      This is a continuation of U.S. patent application Ser.
      <br/>
      No. 09/121,983, filed Jul. 24, 1998, the contents of which are expressly incorporated by reference herein in its entirety.
    </p>
    <heading>BACKGROUND OF THE INVENTION</heading>
    <p num="2">
      1.
      <br/>
      Field of the Invention
    </p>
    <p num="3">The present invention relates to a photographic lens having a Gauss orthoscopic lens having six lens elements which are contained in two lens groups.</p>
    <p num="4">2. Description of the Related Art</p>
    <p num="5">
      This type of photographic lens has been known in, for example, Japanese Laid-Open Patent Publications (No.48-25528 and No.58-9117).
      <br/>
      Both of these applications have a two-lens group arrangement.
      <br/>
      The front lens group contains first, second and third lens elements, all of which are positive meniscus lenses having convex surfaces facing the object side.
      <br/>
      The second and third lens elements are cemented.
      <br/>
      The rear lens group contains the fourth, fifth and sixth lens elements.
      <br/>
      The fourth lens element is either positive meniscus lens or negative meniscus lens having a convex surface facing the image side.
      <br/>
      The fifth lens element having two concave surfaces, and the sixth lens elements having two convex surfaces, are cemented.
    </p>
    <p num="6">
      However, in the above-mentioned photographic lenses of the related art, aberration fluctuations, which occur due to a change of magnification when focusing is carried out to comply with a change of the object distances, are relatively large.
      <br/>
      Consequently, coma increases more when focusing is carried out on the object at a closer distance than when focusing is carried out on the object at a longer object distance, and a change of field curvature becomes excessive.
      <br/>
      In other words, the closer the object distance is, the more coma increases.
      <br/>
      Quality of image-forming performance worsens considerably especially when close-up photography is carried out at a magnification of around 0.5.
    </p>
    <heading>SUMMARY OF THE INVENTION</heading>
    <p num="7">The object of the present invention, with the above-mentioned disadvantages taken into consideration, is to provide a photographic lens which can attain satisfactory image-forming performance even when close-up photography is carried out at a magnification of 0.5.</p>
    <p num="8">To achieve the above mentioned object there is provided a photographic lens comprising: a front lens group and a rear lens group that are arranged in order from the object side; wherein the front lens group comprises, in order from the object side, a first lens element which is a positive meniscus lens having a convex surface facing the object side, a second lens element which is a positive meniscus lens having a convex surface facing the object side, and a third lens element that is cemented to the second lens element, the third lens element being a negative meniscus lens having a convex surface facing the object side; wherein said rear lens group comprises, in order from the object side, a fourth lens element which is a positive meniscus lens having a convex surface facing the image side; a fifth lens element which is a negative meniscus lens having a concave surface on the object side; a sixth lens element that is cemented to the fifth lens element, the sixth lens element being a positive meniscus lens having a convex surface on the image side; and wherein the front lens group and the rear lens group are moved toward the object side so that the distance between the front and rear lens groups more increases when a focusing operation is performed on the object at a closer object distance than when a focusing operation is performed on the object at a longer object distance.</p>
    <p num="9">
      Under the condition that the traveling distance of the front lens group is designated as  DELTA x1 and the traveling distance of the rear lens group is designated as  DELTA x2, the ratio  DELTA x2/ DELTA x1 can be a constant value throughout a range defined by an in-focus state at infinity and by an in-focus state at the closest object distance.
      <br/>
      Furthermore, the ratio  DELTA x2/ DELTA X1 preferably satisfies the following condition (1):
      <br/>
      0.80&lt; DELTA x2/ DELTA x1&lt;0.99  (1)
    </p>
    <p num="10">
      In addition, under the condition that the ratio  DELTA x2/ DELTA x1 is made variable, the ratio  DELTA x2/ DELTA x1 when an in-focus state is obtained at infinity is designated as XF, and the ratio  DELTA x2/ DELTA x1 when an in-focus state is obtained at the closest object distance is designated as XN, and the following conditions (2) is preferably satisfied:
      <br/>
      0.0&lt;XN-XF&lt;0.1  (2)
    </p>
    <p num="11">
      Still further, under the condition that d6 is designated as the thickness of the fourth lens element, and f is the focal length of the entire lens system of the photographic lens, preferably the fourth lens is formed so that the following condition (3) is satisfied:
      <br/>
      0.01&lt;d6/f&lt;0.05  (3)
    </p>
    <p num="12">The present disclosure relates to subject matter contained in Japanese Patent Application No.9-219894 (filed on July 31, 1997) which is expressly incorporated herein by reference in its entirety.</p>
    <heading>BRIEF DESCRIPTION OF THE DRAWINGS</heading>
    <p num="13">
      The invention will be discussed below in detail with reference to the accompanying drawings, in which:
      <br/>
      FIG. 1 is a lens arrangement of a photographic lens of the embodiment;
      <br/>
      FIGS. 2A, 2B, 2C, 2D and 2E show aberration diagrams of the photographic lens when focused at infinity;
      <br/>
      FIGS. 3A, 3B, 3C, 3D and 3E show aberration diagrams of the photographic lens when focused at an intermediate distance under the condition that the ratio,  DELTA x2/ DELTA x1, of traveling distances of the front and rear lens group is constant;
      <br/>
      FIGS. 4A, 4B, 4C, 4D and 4E show aberration diagrams of the photographic lens when focused at the most close-up distance under the condition that the ratio,  DELTA x2/ DELTA x1, of traveling distances of the front and rear lens group is constant;
      <br/>
      FIGS. 5A, 5B, 5C, 5D and 5E show aberration diagrams of the photographic lens when focused at an intermediate distance under the condition that the ratio,  DELTA x2/ DELTA x1, of traveling distances of the front and rear lens group is variable;
      <br/>
      FIGS. 6A, 6B, 6C, 6D, and 6E show aberration diagrams of the photographic lens when focused at the most close-up distance under the condition that the ratio,  DELTA x2/ DELTA x1, of traveling distances of the front and rear lens group is variable;
      <br/>
      FIG. 7 shows the traveling paths of each lens group of the photographic lens at the time of focusing.
    </p>
    <heading>DESCRIPTION OF THE PREFERRED EMBODIMENT</heading>
    <p num="14">
      The following is the embodiment of the photographic lens according to the present invention.
      <br/>
      The arrangement of the photographic lens is, for example, as shown in FIG. 1; the front lens group GI, the diaphragm S, and the rear lens GII are provided in this order from the object side (from the left side of the lens arrangement in FIG. 1).
    </p>
    <p num="15">
      The front lens group GI is composed of, in order from the object side, a first lens element L1 which is a positive meniscus lens having a convex surface facing the object side, a second lens element L2 which is a positive meniscus lens having a convex surface facing the object side, and a third lens element L3 which is a negative meniscus lens having a convex surface facing the object side.
      <br/>
      The second and third lens elements L2 and L3 are cemented to each other.
      <br/>
      Furthermore, the rear lens group GII is composed of, in order from the object side, a fourth lens element L4 which is a positive meniscus lens having a convex surface facing the image side, a fifth lens element L5 which is a negative meniscus lens having a concave surface facing the object side, a sixth lens element L6 which is a positive meniscus lens having a convex surface on the image side.
      <br/>
      The fifth and sixth lens elements L5 and L6 are cemented to each other.
    </p>
    <p num="16">
      In the embodiment, all of the lenses have meniscus shapes with the concave surfaces facing the diaphragm S. With respect to the diaphragm S, by symmetrically positioning the lenses, each of which is made so that the so-called aplanatic conditions are satisfied, various aberrations can be curbed.
      <br/>
      Furthermore, the distance between the front lens group GI and the rear lens groups GII is made longer when focusing is being carried out toward the object at a closer distance so as to improve the quality of image-forming performance of the photographic lens at the time of close-up photography.
      <br/>
      Accordingly, when the object positioned at the closest distance (i.e., the best possible closest object distance for close-up photography) from a camera, outer coma is curbed, and field curvature is corrected so as not to be over.
      <br/>
      The outer com means that the "tail" of the image lies in the radially-outer side with respect to the center of a picture plane.
      <br/>
      It should be understood that the above over field curvature means a state where an off-axis imaging point is formed behind the paraxial imaging point along the light progressing path (positive direction).
      <br/>
      In the same way, an under field curvature means a state where an off-axis imaging point is formed before the paraxial imaging point along the light progressing path (negative direction).
    </p>
    <p num="17">
      For carrying out focusing, the front lens group GI and the rear lens group GII are moved in the direction of the object.
      <br/>
      It should be noted that the traveling distance of the front lens group GI is arranged to become longer than that of the rear lens group GII when a focusing operation is performed on the object at a closer object distance than a longer object distance.
      <br/>
      In other words, the distance between those two lens groups GI and GII at the time of focusing at a closer object distance becomes gradually longer than that of those lens groups GI and GII at the time of focusing at a longer object distance.
      <br/>
      The ratio the traveling distances is set so as to satisfy the following condition (1):
      <br/>
      0.80&lt; DELTA x2/ DELTA x1&lt;0.99  (1)
    </p>
    <p num="18">wherein:</p>
    <p num="19">DELTA x1 designates the traveling distance of the front lens group GI, and  DELTA x2 designates the traveling distance of the rear lens group GII.</p>
    <p num="20">
      Condition (1) determines that the traveling distance of the rear lens group GII is less than that of the front lens group GI at a predetermined ratio.
      <br/>
      If this condition is satisfied, coma and field curvature are curbed even when photographing is being carried out at the closest object distance, so that a satisfactory image-forming can be achieved.
      <br/>
      If  DELTA x2/ DELTA x1 exceeds the lower limit, the distance between the two lens groups becomes too long when photographing is being carried out at the closest object distance, and inner coma is generated and field curvature becomes under.
      <br/>
      The inner coma means that the "tail" of the image lies in the radially-inner side with respect to the center of a picture plane.
      <br/>
      If  DELTA x2/ DELTA x1 exceeds the upper limit, since the distance between the lens groups GI and GII at the infinity position (FIG. 7) and the closest object distance position (FIG. 7) does not vary (that is, the ratio is substantially 1), outer coma is generated, and field curvature becomes over.
    </p>
    <p num="21">
      The above-mentioned ratio  DELTA x2/ DELTA x1 of the front and rear lens groups GI and GII can be a constant value throughout a range defined by an in-focus state at infinity and by an in-focus state at the closest object distance, whereas can be variable within the range of condition (1).
      <br/>
      When the ratio  DELTA x2/ DELTA x1 is a constant value, and if the ratio  DELTA x2/ DELTA x1 is determined so that image forming is ideal at the time of focusing at infinity and the closest object distance, satisfactory image-forming performance can not be attained at an intermediate object distance, and hence, coma is generated, and slightly over field curvature is generated.
      <br/>
      Therefore, it is necessary to determine the ratio so that a balance among focusing state on an object at infinity, at an intermediate distance and the closest object distance position should be considered.
    </p>
    <p num="22">
      On the other hand, in the case where the ratio  DELTA x2/ DELTA x1 is made variable, the ratio is set so as to satisfy the following condition (2):
      <br/>
      0.0&lt;XN-XF&lt;0.1  (2)
    </p>
    <p num="23">wherein:</p>
    <p num="24">XF designates the ratio  DELTA x2/ DELTA x1 when an in-focus state is obtained at infinity, and XN designates the ratio  DELTA x2/ DELTA x1 when an in-focus state is obtained at the closest object distance.</p>
    <p num="25">
      Condition (2) determines that the distance between the front and rear lens groups GI, GII when an in-focus state is obtained at infinity (an infinity in-focus state) and at the closest object distance (a closest in-focus state) respectively.
      <br/>
      More concretely, the distance of those lens groups GI and GII at or in the vicinity of the infinity in-focus state is shorter, at a predetermined ratio, than that of those lens groups GI and GII at or in the vicinity of the closest in-focus state.
      <br/>
      If this condition is satisfied, in comparison with a constant ratio of  DELTA x2/ DELTA x1, coma and field curvature can be satisfactorily corrected at infinity, intermediate, and closer object distances, and satisfactory image-forming can be attained.
      <br/>
      If condition (2) is not satisfied, it is difficult to maintain satisfactory image-forming performance for all object distances.
    </p>
    <p num="26">
      FIG. 7 shows the traveling paths of the front lens group GI and the rear lens group GII with respect to the imaging plane as the reference plane.
      <br/>
      In the case where the traveling path of the front lens group GI is a straight line, and if the ratio  DELTA x2/ DELTA x1 is a constant value, the traveling path of the rear lens group GII is also a straight line as shown by a broken line in FIG. 7.
      <br/>
      On the other hand, in the case where the ratio  DELTA x2/ DELTA x1 is made variable while consideration is given to curb optical errors, such as coma and field curvature, at any given object distance (within the range between the infinity object distance position and the closest object distance position of the lens groups GI and GII), the traveling path of the rear lens group GII will be a curved line as shown by a solid line in FIG. 7.
      <br/>
      Consequently, the rear lens group GII can be positioned at the points P1, P2 and P3 of each object distance achieving an optimum image-forming performance.
    </p>
    <p num="27">
      Furthermore, the thickness d6 of the fourth lens element L4 is determined, with respect to the focal length of the entire lens system, to satisfy the following condition (3):
      <br/>
      0.01&lt;d6/f&lt;0.05  (3)
    </p>
    <p num="28">
      If the value of d6 becomes too large for d6/f to exceed the upper limit, the fourth lens L4 becomes less effective for correcting astigmatism.
      <br/>
      Then, astigmatism of the entire lens system increases.
      <br/>
      If d6/f exceeds the lower limit, it becomes difficult to machine the fourth lens element L4.
    </p>
    <p num="29">�Embodiment�</p>
    <p num="30">
      FIG. 1 is a lens arrangement of a photographic lens of the embodiment when focused on an object at infinity, and specific numerical data is shown in Table 1.
      <br/>
      In Figures and in the Tables, F no. designates the F-number, f designates the focal length (mm) at infinity, w designates the half angle of view (degrees) at infinity, fB designates the back focal length, Mg designates the image forming magnification, y designates the optical image height, r designates the radius of curvature of each lens surface (mm), d designates the lens thickness or distance (mm), nd designates the refractive index of the d-line (588 nm) of each lens element, and .nu. designates the Abbe number of each lens element.
    </p>
    <p num="31">
      In Table 1, surface Nos. 1 and 2 are the first lens element L1, surface Nos. 3 and 4 are the second lens element L2, surface Nos. 4 and 5 are the third lens element L3, surface Nos. 6 and 7 are the fourth lens element L4, surface Nos. 8 and 9 are the fifth lens element L5, and surface Nos. 9 and 10 are the sixth lens element L6.
      <br/>
      The diaphragm S is provided at a position 4.00 mm, in the direction of the object, from the object-side-surface of the fourth lens element L4.
      <br/>
      Moreover, the diaphragm is arranged to move together with the rear lens group GII upon focusing.
      <br/>
      It should be noted that with regard to the fourth lens element L4, the ratio d6/f=0.025 is obtained, which means that the fourth lens L4 satisfies condition (3).
    </p>
    <p num="32">
      -- TABLE 1
      <br/>
      -- f = 100.00 mm w = 23.7 (degree)
      <br/>
      -- Surface No.      r         d             nd      .nu.
      <br/>
      -- 1                46.514    4.40          1.72000 43.7
      <br/>
      -- 2                95.930    0.20          -- --
      <br/>
      -- 3                25.072    4.80          1.67790 55.3
      <br/>
      -- 4                48.815    2.80          1.62004 36.3
      <br/>
      -- 5                17.756    13.30         -- --
      <br/>
      -- 6                -83.510 2.25          1.74400 44.8
      <br/>
      -- 7                -43.482 3.45          -- --
      <br/>
      -- 8                -28.607 9.00          1.74077 27.8
      <br/>
      -- 9                -169.022 10.00         1.72000 43.7
      <br/>
      -- 10               -33.134 --       -- --
    </p>
    <p num="33">
      FIGS. 2A, 2B, 2C, 2D and 2E show aberration diagrams of the photographic lens of the embodiment when focused at infinity.
      <br/>
      FIG. 2A shows spherical aberration SA and the sine condition SC of the d-line, FIG. 2B shows chromatic aberration represented by spherical aberration at the respective wave length of the d-line, g-line (wave-length 436 nm) and c-line (wave-length 656 nm) FIG. 2C shows lateral chromatic aberration of the g-line and the c-line with respect to the d-line as a reference wave-length.
      <br/>
      FIG. 2D shows astigmatism (S designates the sagittal focal surface; M designates the meridional focal surface).
      <br/>
      FIG. 2E shows distortion.
      <br/>
      The unit of distortion, which is shown along the abscissa (horizontal axis), is a percentage, and the unit of other aberrations, which is shown along the abscissa (horizontal axes), is millimeters.
    </p>
    <p num="34">
      With respect to the lens arrangement according to Table 1, the lens driving method (a) in which the ratio  DELTA x2/ DELTA x1 is a constant value, and the lens driving method (b) in which the ratio  DELTA x2/ DELTA x1 is variable, will now be explained.
      <br/>
      In the case of the driving method (a) having a constant ratio, the F-number which changes along with focusing, the distance d5 between lens groups GI and GII, the back focal length fB, and image formation magnification Mg are shown in Table 2.
    </p>
    <p num="35">
      --             TABLE 2
      <br/>
      --             Infinity         Intermediate Closest
      <br/>
      --        F no.  1:4.0            1:4.8       1:6.1
      <br/>
      --        d5     13.30            14.35       16.04
      <br/>
      --        fB     77.45            97.27       129.36
      <br/>
      --        Mg     --          -0.200 -0.520
    </p>
    <p num="36">
      In the case of the lens driving method (a), the ratio  DELTA x2/ DELTA x1 is constantly set at 0.95, and satisfies condition (1).
      <br/>
      FIGS. 3A to 3E show aberrations when an in-focus state is obtained, according to the lens driving method (a), at an intermediate object distance, and FIGS. 4A to 4E show aberrations when an in-focus state is obtained, according to the lens driving method (a), at the closest object distance.
    </p>
    <p num="37">
      In the case of the lens driving method (b), the F-number which changes along with focusing, the distance d5 between lens groups GI and GII, the back focus fB, and image formation magnification Mg are shown in Table 3.
      <br/>
      The values at infinity are the same as those of Table 2, whereas the distance d5 between the lens groups GI and GII and the back focus fB differ to those of Table 2.
    </p>
    <p num="38">
      --             TABLE 3
      <br/>
      --             Infinity         Intermediate Closest
      <br/>
      --        F no.  1:4.0            1:4.8       1:6.1
      <br/>
      --        d5     13.30            14.88       15.56
      <br/>
      --        fB     77.45            97.17       129.38
      <br/>
      --        Mg     --          -0.200 -0.520
    </p>
    <p num="39">In the case of driving method (b), the ratio  DELTA x2/ DELTA x1 when an in-focus state is obtained at infinity is XF=0.907, the ratio  DELTA X2/ DELTA xl when an in-focus state is obtained at the closest object distance is XN=0.958. This means that not only  DELTA x2/ DELTA x1 (condition (1)) but also XN-XF (condition (2)) is satisfied because of the values of XF=0.907 and XN=0.958, and XN-XF=0.051. FIGS. 5A to 5E show aberrations when an in-focus state is obtained, according to the lens driving method (b), at an intermediate object distance, and FIGS. 6A to 6E show aberrations when an in-focus state is obtained, according to the lens driving method (b), at the closest object distance.</p>
    <p num="40">As explained above, when close-up photography with a magnification of 0.5 is carried out, according to the present invention, a photographic lens having satisfactory image-forming performance can be attained.</p>
  </description>
  <claims format="original" lang="en" id="claim_en">
    <claim num="1">
      <claim-text>What is claimed is:</claim-text>
      <claim-text>1.</claim-text>
      <claim-text>A photographic lens comprising:</claim-text>
      <claim-text>a front lens group and a rear lens group that are arranged in order from the object side; wherein said front lens group comprises, in order from the object side, a first lens element which is a positive meniscus lens having a convex surface facing the object side, a second lens element which is a positive meniscus lens having a convex surface facing the object side, and a third lens element that is cemented to said second lens element, said third lens element being a negative meniscus lens having a convex surface facing the object side; wherein said rear lens group comprises, in order from the object side, a fourth lens element which is a positive meniscus lens having a convex surface facing the image side; a fifth lens element which is a negative meniscus lens having a concave surface facing the object side; a sixth lens element that is cemented to said fifth lens element, said sixth lens element being a positive lens having a convex surface facing the image side;</claim-text>
      <claim-text>and wherein said front lens group and said rear lens group are moved toward the object side during a focusing operation and a distance between said front and rear lens groups increases when a focusing operation is performed on the object at a close object distance in comparison with when a focusing operation is performed on the object at a far object distance.</claim-text>
    </claim>
    <claim num="2">
      <claim-text>2. The photographic lens according to claim 1, wherein the traveling distance of said front lens group is designated as  DELTA x1 and the traveling distance of said rear lens group is designated as  DELTA x2, and wherein the ratio  DELTA x2/ DELTA x1 is a constant value throughout a range defined by an in-focus state at infinity and by an in-focus state at the closest object distance.</claim-text>
    </claim>
    <claim num="3">
      <claim-text>3. The photographic lens according to claim 2, wherein said ratio  DELTA x2/ DELTA x1 satisfies the following condition:</claim-text>
    </claim>
    <claim num="4">
      <claim-text>4.</claim-text>
      <claim-text>The photographic lens according to claim 1, wherein the traveling distance of said front lens group is  DELTA x1 and the traveling distance of said rear lens group is  DELTA x2, and wherein a ratio  DELTA x2/ DELTA x1 is variable, throughout a range defined by an in-focus state at infinity and by an in-focus state at the closest object distance.</claim-text>
    </claim>
    <claim num="5">
      <claim-text>5. The photographic lens according to claim 4, wherein said ratio  DELTA x2/ DELTA x1 when an in-focus state is obtained in a vicinity of infinity is designated as XF, and said ratio  DELTA x2/ DELTA x1 when an in-focus state is obtained in a vicinity of the closest object distance is designated as XN, and wherein said photographic lens is provided so that the following conditions are satisfied:</claim-text>
    </claim>
    <claim num="6">
      <claim-text>6.</claim-text>
      <claim-text>The photographic lens according to claim 1, wherein d6 is designated as the thickness of said fourth lens element, and f is the focal length of the entire lens system of said photographic lens;</claim-text>
      <claim-text>and wherein said fourth lens is formed so that the following condition is satisfied:</claim-text>
    </claim>
    <claim num="7">
      <claim-text>7.</claim-text>
      <claim-text>A photographic lens comprising: a front lens group and a rear lens group arranged in this order from the object side; said front lens group comprising, in this order from the object side: a first lens element comprising a positive meniscus lens having a convex surface facing the object side; a second lens element comprising a positive meniscus lens having a convex surface facing the object side;</claim-text>
      <claim-text>and a third lens element cemented to said second lens element, said third lens element comprising a negative meniscus lens having a convex surface facing the object side; said rear lens group comprising, in this order from the object side: a fourth lens element comprising a positive meniscus lens having a convex surface facing the image side; a fifth lens element comprising a negative meniscus lens having a concave surface facing the object side; a sixth lens element cemented to said fifth lens element, said sixth lens element comprising a positive lens having a convex surface facing the image side;</claim-text>
      <claim-text>and said front lens group and said rear lens group being mounted for movement so that a distance between said front lens group and said rear lens group changes as a focus distance changes, said front lens group and said rear lens group being mounted for movement towards the object side as said focus distance decreases and a distance between said front lens group and said rear lens group increases as a focusing distance decreases.</claim-text>
    </claim>
    <claim num="8">
      <claim-text>8. The photographic lens according to claim 7, a moving distance of said front lens group is defined as  DELTA x1 and a moving distance of said rear lens group is defined as  DELTA x2 wherein the ratio  DELTA x2/ DELTA x1 has a constant value throughout a range of movement defined by an in-focus position at infinity and by an in-focus position at a closest object distance.</claim-text>
    </claim>
    <claim num="9">
      <claim-text>9. The photographic lens according to claim 8, wherein said ratio  DELTA x2/ DELTA x1 satisfies the following relationship:</claim-text>
    </claim>
    <claim num="10">
      <claim-text>10.</claim-text>
      <claim-text>The photographic lens according to claim 7, a moving distance of said front lens group is defined as  DELTA x1 and a moving distance of said rear lens group is defined as  DELTA x2 and wherein a ratio  DELTA x2/ DELTA x1 is variable throughout a range of movement defined by an in-focus position at infinity and by an in-focus position at a closest object distance.</claim-text>
    </claim>
    <claim num="11">
      <claim-text>11. The photographic lens according to claim 10, wherein said ratio  DELTA x2/ DELTA x1, when an in-focus condition is obtained in a vicinity of infinity is designated as XF, and said ratio  DELTA x2/ DELTA x1 when an in-focus condition is obtained in a vicinity of the closest object distance is designated as XN, and wherein said photographic lens satisfies the following relationships:</claim-text>
    </claim>
    <claim num="12">
      <claim-text>12.</claim-text>
      <claim-text>The photographic lens according to claim 7, wherein d6 designates a thickness of said fourth lens element, f designates a focal length of the entire lens system of said photographic lens, and wherein the following relationship is satisfied:</claim-text>
    </claim>
    <claim num="13">
      <claim-text>13.</claim-text>
      <claim-text>The photographic lens according to claim 1, wherein said photographic lens forms an image on a silver halide film.</claim-text>
    </claim>
    <claim num="14">
      <claim-text>14. The photographic lens according to claim 1, wherein said photographic lens forms an image on an image pick-up device.</claim-text>
    </claim>
    <claim num="15">
      <claim-text>15. The photographic lens according to claim 7, wherein said photographic lens forms an image on a silver halide film.</claim-text>
    </claim>
    <claim num="16">
      <claim-text>16. The photographic lens according to claim 7, wherein said photographic lens forms an image on an image pick-up device.</claim-text>
    </claim>
  </claims>
</questel-patent-document>