<?xml version="1.0" encoding="UTF-8"?>
<questel-patent-document lang="en" date-produced="20180805" produced-by="Questel" schema-version="3.23" file="US06181528B2.xml">
  <bibliographic-data lang="en">
    <publication-reference publ-desc="Granted patent as second publication">
      <document-id>
        <country>US</country>
        <doc-number>06181528</doc-number>
        <kind>B2</kind>
        <date>20010130</date>
      </document-id>
      <document-id data-format="questel">
        <doc-number>US6181528</doc-number>
      </document-id>
    </publication-reference>
    <original-publication-kind>B2</original-publication-kind>
    <application-reference is-representative="YES" family-id="23157588" extended-family-id="42108037">
      <document-id>
        <country>US</country>
        <doc-number>09300074</doc-number>
        <kind>A</kind>
        <date>19990426</date>
      </document-id>
      <document-id data-format="questel">
        <doc-number>1999US-09300074</doc-number>
      </document-id>
      <document-id data-format="questel_Uid">
        <doc-number>43164397</doc-number>
      </document-id>
    </application-reference>
    <language-of-filing>en</language-of-filing>
    <language-of-publication>en</language-of-publication>
    <priority-claims>
      <priority-claim kind="national" sequence="1">
        <country>US</country>
        <doc-number>30007499</doc-number>
        <kind>A</kind>
        <date>19990426</date>
        <priority-active-indicator>Y</priority-active-indicator>
      </priority-claim>
      <priority-claim data-format="questel" sequence="1">
        <doc-number>1999US-09300074</doc-number>
      </priority-claim>
    </priority-claims>
    <dates-of-public-availability>
      <publication-of-grant-date>
        <date>20010130</date>
      </publication-of-grant-date>
    </dates-of-public-availability>
    <classifications-ipcr>
      <classification-ipcr sequence="1">
        <text>G11B   5/012       20060101A N20051008RMEP</text>
        <ipc-version-indicator>
          <date>20060101</date>
        </ipc-version-indicator>
        <classification-level>A</classification-level>
        <section>G</section>
        <class>11</class>
        <subclass>B</subclass>
        <main-group>5</main-group>
        <subgroup>012</subgroup>
        <classification-value>N</classification-value>
        <generating-office>
          <country>EP</country>
        </generating-office>
        <classification-status>R</classification-status>
        <classification-data-source>M</classification-data-source>
        <action-date>
          <date>20051008</date>
        </action-date>
      </classification-ipcr>
      <classification-ipcr sequence="2">
        <text>G11B   5/48        20060101A N20051008RMEP</text>
        <ipc-version-indicator>
          <date>20060101</date>
        </ipc-version-indicator>
        <classification-level>A</classification-level>
        <section>G</section>
        <class>11</class>
        <subclass>B</subclass>
        <main-group>5</main-group>
        <subgroup>48</subgroup>
        <classification-value>N</classification-value>
        <generating-office>
          <country>EP</country>
        </generating-office>
        <classification-status>R</classification-status>
        <classification-data-source>M</classification-data-source>
        <action-date>
          <date>20051008</date>
        </action-date>
      </classification-ipcr>
      <classification-ipcr sequence="3">
        <text>G11B   5/54        20060101A I20051008RMEP</text>
        <ipc-version-indicator>
          <date>20060101</date>
        </ipc-version-indicator>
        <classification-level>A</classification-level>
        <section>G</section>
        <class>11</class>
        <subclass>B</subclass>
        <main-group>5</main-group>
        <subgroup>54</subgroup>
        <classification-value>I</classification-value>
        <generating-office>
          <country>EP</country>
        </generating-office>
        <classification-status>R</classification-status>
        <classification-data-source>M</classification-data-source>
        <action-date>
          <date>20051008</date>
        </action-date>
      </classification-ipcr>
      <classification-ipcr sequence="4">
        <text>G11B  21/22        20060101A I20051008RMEP</text>
        <ipc-version-indicator>
          <date>20060101</date>
        </ipc-version-indicator>
        <classification-level>A</classification-level>
        <section>G</section>
        <class>11</class>
        <subclass>B</subclass>
        <main-group>21</main-group>
        <subgroup>22</subgroup>
        <classification-value>I</classification-value>
        <generating-office>
          <country>EP</country>
        </generating-office>
        <classification-status>R</classification-status>
        <classification-data-source>M</classification-data-source>
        <action-date>
          <date>20051008</date>
        </action-date>
      </classification-ipcr>
      <classification-ipcr sequence="5">
        <text>G11B  21/24        20060101A I20051008RMEP</text>
        <ipc-version-indicator>
          <date>20060101</date>
        </ipc-version-indicator>
        <classification-level>A</classification-level>
        <section>G</section>
        <class>11</class>
        <subclass>B</subclass>
        <main-group>21</main-group>
        <subgroup>24</subgroup>
        <classification-value>I</classification-value>
        <generating-office>
          <country>EP</country>
        </generating-office>
        <classification-status>R</classification-status>
        <classification-data-source>M</classification-data-source>
        <action-date>
          <date>20051008</date>
        </action-date>
      </classification-ipcr>
    </classifications-ipcr>
    <classification-national>
      <country>US</country>
      <main-classification>
        <text>360254700</text>
        <class>360</class>
        <subclass>254700</subclass>
      </main-classification>
      <further-classification sequence="1">
        <text>360254900</text>
        <class>360</class>
        <subclass>254900</subclass>
      </further-classification>
      <further-classification sequence="2">
        <text>G9B005181</text>
        <class>G9B</class>
        <subclass>005181</subclass>
      </further-classification>
      <further-classification sequence="3">
        <text>G9B021027</text>
        <class>G9B</class>
        <subclass>021027</subclass>
      </further-classification>
      <further-classification sequence="4">
        <text>G9B021028</text>
        <class>G9B</class>
        <subclass>021028</subclass>
      </further-classification>
    </classification-national>
    <classifications-ecla>
      <classification-ecla sequence="1">
        <text>G11B-005/54</text>
        <section>G</section>
        <class>11</class>
        <subclass>B</subclass>
        <main-group>5</main-group>
        <subgroup>54</subgroup>
      </classification-ecla>
      <classification-ecla sequence="2">
        <text>G11B-021/22</text>
        <section>G</section>
        <class>11</class>
        <subclass>B</subclass>
        <main-group>21</main-group>
        <subgroup>22</subgroup>
      </classification-ecla>
      <classification-ecla sequence="3">
        <text>G11B-021/24</text>
        <section>G</section>
        <class>11</class>
        <subclass>B</subclass>
        <main-group>21</main-group>
        <subgroup>24</subgroup>
      </classification-ecla>
    </classifications-ecla>
    <patent-classifications>
      <patent-classification sequence="1">
        <classification-scheme office="EP" scheme="CPC">
          <date>20130101</date>
        </classification-scheme>
        <classification-symbol>G11B-021/24</classification-symbol>
        <section>G</section>
        <class>11</class>
        <subclass>B</subclass>
        <main-group>21</main-group>
        <subgroup>24</subgroup>
        <symbol-position>F</symbol-position>
        <classification-value>I</classification-value>
        <classification-status>B</classification-status>
        <classification-data-source>H</classification-data-source>
        <action-date>
          <date>20130101</date>
        </action-date>
      </patent-classification>
      <patent-classification sequence="2">
        <classification-scheme office="EP" scheme="CPC">
          <date>20130101</date>
        </classification-scheme>
        <classification-symbol>G11B-005/012</classification-symbol>
        <section>G</section>
        <class>11</class>
        <subclass>B</subclass>
        <main-group>5</main-group>
        <subgroup>012</subgroup>
        <symbol-position>L</symbol-position>
        <classification-value>A</classification-value>
        <classification-status>B</classification-status>
        <classification-data-source>H</classification-data-source>
        <action-date>
          <date>20130101</date>
        </action-date>
      </patent-classification>
      <patent-classification sequence="3">
        <classification-scheme office="EP" scheme="CPC">
          <date>20130101</date>
        </classification-scheme>
        <classification-symbol>G11B-005/4886</classification-symbol>
        <section>G</section>
        <class>11</class>
        <subclass>B</subclass>
        <main-group>5</main-group>
        <subgroup>4886</subgroup>
        <symbol-position>L</symbol-position>
        <classification-value>A</classification-value>
        <classification-status>B</classification-status>
        <classification-data-source>H</classification-data-source>
        <action-date>
          <date>20130101</date>
        </action-date>
      </patent-classification>
      <patent-classification sequence="4">
        <classification-scheme office="EP" scheme="CPC">
          <date>20130101</date>
        </classification-scheme>
        <classification-symbol>G11B-005/54</classification-symbol>
        <section>G</section>
        <class>11</class>
        <subclass>B</subclass>
        <main-group>5</main-group>
        <subgroup>54</subgroup>
        <symbol-position>L</symbol-position>
        <classification-value>I</classification-value>
        <classification-status>B</classification-status>
        <classification-data-source>H</classification-data-source>
        <action-date>
          <date>20130101</date>
        </action-date>
      </patent-classification>
      <patent-classification sequence="5">
        <classification-scheme office="EP" scheme="CPC">
          <date>20130101</date>
        </classification-scheme>
        <classification-symbol>G11B-021/22</classification-symbol>
        <section>G</section>
        <class>11</class>
        <subclass>B</subclass>
        <main-group>21</main-group>
        <subgroup>22</subgroup>
        <symbol-position>L</symbol-position>
        <classification-value>I</classification-value>
        <classification-status>B</classification-status>
        <classification-data-source>H</classification-data-source>
        <action-date>
          <date>20130101</date>
        </action-date>
      </patent-classification>
      <patent-classification sequence="6">
        <classification-scheme office="EP" scheme="ICO"/>
        <classification-symbol>S11B-005/012</classification-symbol>
      </patent-classification>
      <patent-classification sequence="7">
        <classification-scheme office="EP" scheme="ICO"/>
        <classification-symbol>S11B-005/48D1</classification-symbol>
      </patent-classification>
    </patent-classifications>
    <number-of-claims>7</number-of-claims>
    <exemplary-claim>1</exemplary-claim>
    <figures>
      <number-of-drawing-sheets>4</number-of-drawing-sheets>
      <number-of-figures>7</number-of-figures>
      <image-key data-format="questel">US6181528</image-key>
    </figures>
    <invention-title format="original" lang="en" id="title_en">Magnetic disk drive with load/unload structure including a base, a body, ramps, and a H/L ratio of 2 or greater</invention-title>
    <references-cited>
      <citation srep-phase="examiner">
        <patcit num="1">
          <text>YOSHIDA KOBUN</text>
          <document-id>
            <country>US</country>
            <doc-number>5148339</doc-number>
            <kind>A</kind>
          </document-id>
          <document-id data-format="questel">
            <doc-number>US5148339</doc-number>
          </document-id>
        </patcit>
      </citation>
      <citation srep-phase="examiner">
        <patcit num="2">
          <text>MOREHOUSE JAMES H, et al</text>
          <document-id>
            <country>US</country>
            <doc-number>5231549</doc-number>
            <kind>A</kind>
          </document-id>
          <document-id data-format="questel">
            <doc-number>US5231549</doc-number>
          </document-id>
        </patcit>
      </citation>
      <citation srep-phase="examiner">
        <patcit num="3">
          <text>BERBERICH JAMES WILLIAM</text>
          <document-id>
            <country>US</country>
            <doc-number>5864448</doc-number>
            <kind>A</kind>
          </document-id>
          <document-id data-format="questel">
            <doc-number>US5864448</doc-number>
          </document-id>
        </patcit>
      </citation>
      <citation srep-phase="examiner">
        <patcit num="4">
          <text>ALT ROBERT A, et al</text>
          <document-id>
            <country>US</country>
            <doc-number>5870259</doc-number>
            <kind>A</kind>
          </document-id>
          <document-id data-format="questel">
            <doc-number>US5870259</doc-number>
          </document-id>
        </patcit>
      </citation>
      <citation srep-phase="examiner">
        <patcit num="5">
          <text>FURAY DAVID M, et al</text>
          <document-id>
            <country>US</country>
            <doc-number>5995330</doc-number>
            <kind>A</kind>
          </document-id>
          <document-id data-format="questel">
            <doc-number>US5995330</doc-number>
          </document-id>
        </patcit>
      </citation>
      <citation srep-phase="examiner">
        <patcit num="6">
          <text>BERBERICH JAMES WILLIAM, et al</text>
          <document-id>
            <country>US</country>
            <doc-number>6057988</doc-number>
            <kind>A</kind>
          </document-id>
          <document-id data-format="questel">
            <doc-number>US6057988</doc-number>
          </document-id>
        </patcit>
      </citation>
      <citation srep-phase="examiner">
        <patcit num="7">
          <text>HO BIN-LUN, et al</text>
          <document-id>
            <country>US</country>
            <doc-number>6091577</doc-number>
            <kind>A</kind>
          </document-id>
          <document-id data-format="questel">
            <doc-number>US6091577</doc-number>
          </document-id>
        </patcit>
      </citation>
      <citation srep-phase="examiner">
        <patcit num="8">
          <text>RICOH KK</text>
          <document-id>
            <country>JP</country>
            <doc-number>H065022</doc-number>
            <kind>A</kind>
          </document-id>
          <document-id data-format="questel">
            <doc-number>JP06005022</doc-number>
          </document-id>
        </patcit>
      </citation>
      <citation srep-phase="examiner">
        <patcit num="9">
          <text>MATSUSHITA ELECTRIC IND CO LTD</text>
          <document-id>
            <country>JP</country>
            <doc-number>H0684313</doc-number>
            <kind>A</kind>
          </document-id>
          <document-id data-format="questel">
            <doc-number>JP06084313</doc-number>
          </document-id>
        </patcit>
      </citation>
      <citation srep-phase="examiner">
        <patcit num="10">
          <text>IBM</text>
          <document-id>
            <country>JP</country>
            <doc-number>H10302421</doc-number>
            <kind>A</kind>
          </document-id>
          <document-id data-format="questel">
            <doc-number>JP10302421</doc-number>
          </document-id>
        </patcit>
      </citation>
      <citation srep-phase="examiner">
        <patcit num="11">
          <text>IBM</text>
          <document-id>
            <country>JP</country>
            <doc-number>H11110933</doc-number>
            <kind>A</kind>
          </document-id>
          <document-id data-format="questel">
            <doc-number>JP11110933</doc-number>
          </document-id>
        </patcit>
      </citation>
      <citation srep-phase="applicant">
        <patcit num="12">
          <text>JABBARI IRAI</text>
          <document-id>
            <country>US</country>
            <doc-number>5341260</doc-number>
            <kind>A</kind>
          </document-id>
          <document-id data-format="questel">
            <doc-number>US5341260</doc-number>
          </document-id>
        </patcit>
      </citation>
      <citation srep-phase="applicant">
        <patcit num="13">
          <text>KAJITANI HIROSHI</text>
          <document-id>
            <country>US</country>
            <doc-number>5394281</doc-number>
            <kind>A</kind>
          </document-id>
          <document-id data-format="questel">
            <doc-number>US5394281</doc-number>
          </document-id>
        </patcit>
      </citation>
      <citation srep-phase="applicant">
        <patcit num="14">
          <text>SPENDLOVE JAY</text>
          <document-id>
            <country>US</country>
            <doc-number>5530607</doc-number>
            <kind>A</kind>
          </document-id>
          <document-id data-format="questel">
            <doc-number>US5530607</doc-number>
          </document-id>
        </patcit>
      </citation>
      <citation srep-phase="applicant">
        <patcit num="15">
          <text>BROOKS JR WILLIAM W, et al</text>
          <document-id>
            <country>US</country>
            <doc-number>5572387</doc-number>
            <kind>A</kind>
          </document-id>
          <document-id data-format="questel">
            <doc-number>US5572387</doc-number>
          </document-id>
        </patcit>
      </citation>
      <citation srep-phase="applicant">
        <patcit num="16">
          <text>BERG LOWELL J, et al</text>
          <document-id>
            <country>US</country>
            <doc-number>5574604</doc-number>
            <kind>A</kind>
          </document-id>
          <document-id data-format="questel">
            <doc-number>US5574604</doc-number>
          </document-id>
        </patcit>
      </citation>
      <citation srep-phase="applicant">
        <patcit num="17">
          <text>CHAN JOHN R, et al</text>
          <document-id>
            <country>US</country>
            <doc-number>5644451</doc-number>
            <kind>A</kind>
          </document-id>
          <document-id data-format="questel">
            <doc-number>US5644451</doc-number>
          </document-id>
        </patcit>
      </citation>
      <citation srep-phase="applicant">
        <patcit num="18">
          <text>AMADA HIROSHI, et al</text>
          <document-id>
            <country>US</country>
            <doc-number>5692289</doc-number>
            <kind>A</kind>
          </document-id>
          <document-id data-format="questel">
            <doc-number>US5692289</doc-number>
          </document-id>
        </patcit>
      </citation>
      <citation srep-phase="applicant">
        <patcit num="19">
          <text>MEYER DALLAS W, et al</text>
          <document-id>
            <country>US</country>
            <doc-number>5764437</doc-number>
            <kind>A</kind>
          </document-id>
          <document-id data-format="questel">
            <doc-number>US5764437</doc-number>
          </document-id>
        </patcit>
      </citation>
      <citation srep-phase="applicant">
        <patcit num="20">
          <text>MA YIPING, et al</text>
          <document-id>
            <country>US</country>
            <doc-number>5831795</doc-number>
            <kind>A</kind>
          </document-id>
          <document-id data-format="questel">
            <doc-number>US5831795</doc-number>
          </document-id>
        </patcit>
      </citation>
    </references-cited>
    <parties>
      <applicants>
        <applicant data-format="original" app-type="applicant" sequence="1">
          <addressbook lang="en">
            <orgname>International Business Machines Corporation</orgname>
            <address>
              <address-1>Armonk, NY, US</address-1>
              <city>Armonk</city>
              <state>NY</state>
              <country>US</country>
            </address>
          </addressbook>
          <nationality>
            <country>US</country>
          </nationality>
        </applicant>
        <applicant data-format="questel" app-type="applicant" sequence="2">
          <addressbook lang="en">
            <orgname>IBM</orgname>
          </addressbook>
          <nationality>
            <country>US</country>
          </nationality>
        </applicant>
      </applicants>
      <inventors>
        <inventor data-format="original" sequence="1">
          <addressbook lang="en">
            <name>Reinhart, Robert Carl</name>
            <address>
              <address-1>San Jose, CA, US</address-1>
              <city>San Jose</city>
              <state>CA</state>
              <country>US</country>
            </address>
          </addressbook>
          <nationality>
            <country>US</country>
          </nationality>
        </inventor>
        <inventor data-format="original" sequence="2">
          <addressbook lang="en">
            <name>Hanssen, Steven Alf</name>
            <address>
              <address-1>San Jose, CA, US</address-1>
              <city>San Jose</city>
              <state>CA</state>
              <country>US</country>
            </address>
          </addressbook>
          <nationality>
            <country>US</country>
          </nationality>
        </inventor>
        <inventor data-format="original" sequence="3">
          <addressbook lang="en">
            <name>Price, Kirk Barrows</name>
            <address>
              <address-1>San Jose, CA, US</address-1>
              <city>San Jose</city>
              <state>CA</state>
              <country>US</country>
            </address>
          </addressbook>
          <nationality>
            <country>US</country>
          </nationality>
        </inventor>
      </inventors>
      <agents>
        <agent sequence="1" rep-type="agent">
          <addressbook lang="en">
            <name>Martin, Robert B.</name>
          </addressbook>
        </agent>
      </agents>
    </parties>
    <examiners>
      <primary-examiner>
        <name>Evans, Jefferson</name>
      </primary-examiner>
    </examiners>
    <lgst-data>
      <lgst-status>GRANTED</lgst-status>
    </lgst-data>
  </bibliographic-data>
  <abstract format="original" lang="en" id="abstr_en">
    <p id="P-EN-00001" num="00001">
      <br/>
      The present invention is a magnetic disk drive for reading or writing magnetically, comprising: (i) a base plate; (ii) a plurality of magnetic disks; (iii) a hub fixedly attached to the disks for supporting the disks; (iv) a motor operable to rotate the hub; (v) a plurality of magnetic read/write heads, each associated with the surface of a disk; (vi) an actuator for supporting the heads and moving the heads across the disks; (vii) a support shaft attached to the base plate; and (viii) a load/unload structure for displacing the heads from the disk comprising an elongated body, a base portion fixedly attached to the base plate and a plurality of ramps extending outwardly from the body.
      <br/>
      The body of the structure is mounted through one or more holes in the body onto the support shaft so that the support shaft extends along the length of the body to support the structure.
    </p>
  </abstract>
  <description format="original" lang="en" id="desc_en">
    <heading>BACKGROUND OF THE INVENTION</heading>
    <p num="1">
      1.
      <br/>
      Field of the Invention
    </p>
    <p num="2">The present invention relates generally to magnetic disk drives with load/unload ramps and, more particularly, to a load/unload ramp structure having a plurality of ramps.</p>
    <p num="3">2. Description of the Background Art</p>
    <p num="4">A magnetic disk drive storage device typically comprises one or more thin film magnetic disks, each having at least one data recording surface including a plurality of concentric tracks of magnetically stored data, a spindle motor and spindle motor controller for supporting and rotating the disk(s) at a selected RPM, at least one read/write transducer or "head" per recording surface formed on a slider for reading information from and writing information to the recording surface, a data channel for processing the data read/written, a positionable actuator assembly for supporting the transducer in close proximity to a desired data track, and a servo system for controlling movement of the actuator assembly to position the transducer(s) over the desired track(s).</p>
    <p num="5">
      Each slider is attached on one surface to an actuator arm via a flexible suspension and includes on an opposite side an air bearing surface (ABS) of a desired configuration to provide favorable fly height characteristics.
      <br/>
      In contact start/stop disk drive designs, the slider and transducer are only in contact with the recording surface when the spindle motor is powered down.
      <br/>
      As the disk begins to rotate, an air flow is generated which enters the slider's leading edge and flows in the direction of its trailing edge.
      <br/>
      The air flow generates a positive pressure on the ABS, lifting the slider above the recording surface.
      <br/>
      As the spindle motor reaches operating RPM, the slider is maintained at a nominal fly height over the recording surface by a cushion of air.
      <br/>
      Then at spin-down, fly height drops until the slider is once again in contact with the disk.
    </p>
    <p num="6">
      Because contact start/stop recording subjects the slider and transducer to extensive wear, some disk drive designs alternatively employ "load/unload" technology.
      <br/>
      According to this design, a ramp is provided for each slider/suspension assembly at the inner or outer diameter of the disk where the slider is "parked" securely while the spindle motor is powered down.
      <br/>
      During normal operation, the disk speed is allowed to reach a selected RPM (which may be below the normal operating RPM) before the head is "loaded" onto the disk from the ramp on the air cushion generated by the disk's rotation.
      <br/>
      In this manner, the slider flies over the disk without significant contact with the disk surface, eliminating contact start/stop wear.
      <br/>
      The load/unload ramp structure is generally made of plastic which can be injection molded into complex ramp structures.
    </p>
    <p num="7">
      By far, the most challenging mechanical aspect of load/unload is obtaining and maintaining the desired vertical clearance between the ramp surfaces and the disks.
      <br/>
      Packaging considerations demand as tight a clearance as possible for the load/unload structure, given the limited fixed form factor dimension and the many items competing for space in the disk drive, including disks, base plate, actuator, and electronics.
      <br/>
      Additionally, alignment of the ramp to the actuator suspensions is also extremely critical.
      <br/>
      Therefore, designing a ramp system which requires little additional clearance for tolerance/variability due to the installation of the ramp is of great importance.
    </p>
    <p num="8">
      Current load/unload art utilizes the base of the ramp to establish the vertical relationship to the disk pack.
      <br/>
      The ramp base is secured tightly to the base plate to establish the vertical positioning of the load/unload structure and the vertical clearance between individual ramp surfaces and the disks.
      <br/>
      While this approach may be suitable for shorter load/unload structures having only a couple of ramps, problems occur with taller load/unload structures having a large number of ramps (e.g., 5-10 ramps).
      <br/>
      First, due to the space constraints on the base plate of the disk drive, the dimensions of the surface of the ramp base for attachment to the base plate are small compared to the height of the load/unload structure, resulting in a long cantilever structure.
      <br/>
      When the base of the load/unload structure is screwed into the base plate of the disk drive, minor deformations caused by tightening of the screw or minor imperfections in the surface of the base plate or the base of the load/unload structure can cause the angle of the cantilever structure to be offset from perpendicular to the base plate (i.e., tilted), thereby altering the vertical clearance between the ramp surfaces and the disks.
      <br/>
      Therefore, there is a need in the art for a load/unload structure which can be accurately positioned so that the structure is perpendicular to the base plate of the disk drive.
    </p>
    <p num="9">
      It is the object of the present invention to provide a load/unload structure having improved perpendicularity to the base plate of the disk drive.
      <br/>
      Other objects and advantages will be apparent from the following disclosure.
    </p>
    <heading>SUMMARY OF THE INVENTION</heading>
    <p num="10">
      The present invention relates to a magnetic disk drive for reading or writing magnetically, comprising: (i) a base plate; (ii) a plurality of magnetic disks; (iii) a hub fixedly attached to the disks for supporting the disks; (iv) a motor operable to rotate the hub; (v) a plurality of magnetic read/write heads, each associated with the surface of a disk; (vi) an actuator for supporting the heads and moving the heads across the disks; (vii) a support shaft attached to the base plate; and (viii) a load/unload structure mounted on the support shaft for displacing the heads from the disk, the load/unload structure comprises an elongated body, a base portion fixedly attached to the base plate and a plurality of ramps extending outwardly from the body.
      <br/>
      The body of the structure is mounted through one or more holes in the body onto the support shaft so that the support shaft extends preferably along a substantial portion of the length of the body to support the structure.
      <br/>
      When positioned on the support shaft, the elongated body is substantially perpendicular to the base plate of the disk drive.
    </p>
    <p num="11">A more thorough disclosure of the present invention is presented in the detailed description of the invention, which follows, and the accompanying figures.</p>
    <heading>BRIEF DESCRIPTION OF THE DRAWINGS</heading>
    <p num="12">
      FIG. 1 is a schematic diagram of a magnetic disk storage system useful for the present invention;
      <br/>
      FIG. 2 is a top view of an embodiment of a magnetic storage system of the present invention;
      <br/>
      FIG. 3 is a perspective view of the front of an embodiment of a load/unload structure of the present invention;
      <br/>
      FIG. 4 is a perspective view of the back of an embodiment of a load/unload structure of the present invention;
      <br/>
      FIG. 5 is a side view of a ramp positioned adjacent a thin film disk;
      <br/>
      FIG. 6 is a perspective view of the load/unload structure of the present invention being mounted onto a support shaft in a disk drive; and
      <br/>
      FIG. 7 is a perspective bottom view of the load/unload structure of the present invention.
    </p>
    <heading>DETAILED DESCRIPTION OF THE PREFERRED EMBODIMENTS</heading>
    <p num="13">
      Referring to FIG. 1, a magnetic disk storage system comprises at least a plurality of rotatable magnetic disks 2 supported on a spindle 4 and rotated by a disk drive motor 6 with a plurality of sliders 8 positioned adjacent the disks.
      <br/>
      The sliders each support one or more magnetic read/write transducers 10, commonly referred to in the art as read/write heads.
    </p>
    <p num="14">
      The magnetic recording media on each disk is in the form of an annular pattern of concentric data tracks (not shown) on disk 2.
      <br/>
      As the disk rotates, the slider is moved radially or along an arcuate path over the disk surface so that the head 10 may access different portions of the disk where desired data is recorded.
    </p>
    <p num="15">
      Each slider 8 is attached on its upper surface to an actuator arm 12 by means of a suspension 14.
      <br/>
      The suspension provides a slight spring force which biases the slider against the disk surface.
      <br/>
      Each actuator arm 12 is attached to a rotary actuator 16.
      <br/>
      The rotary actuator as shown in FIG. 1 may be a voice coil motor (VCM), for example.
    </p>
    <p num="16">
      The various components of the disk storage system are controlled in operation by control signals generated by control unit 18, such as access control signals and internal clock signals.
      <br/>
      Typically, the control unit 18 comprises logic control circuits, storage means and a microprocessor, for example.
      <br/>
      The control unit 18 generates control signals to control various system operations such as drive motor control signals on line 20 and head position and seek control signals on line 22.
      <br/>
      Read and write signals are communicated to and from read/write head by means of recording channel 24.
    </p>
    <p num="17">
      Referring to FIG. 2, there is shown a disk drive 30 having a disk pack 32 comprising a plurality of stacked thin film magnetic recording disks attached to spindle or hub 34 enclosed in housing 36.
      <br/>
      Load/unload structure 38 is fixedly secured to the base plate 40 of the housing of the disk drive at the outer perimeter of disk pack 32.
      <br/>
      Rotary actuator assembly 42 comprises a plurality of actuator arms 44 each supporting a slider adjacent to a disk.
      <br/>
      Each actuator arm suitably has a protrusion or tab 46 at its distal end for engaging a ramp 48 of the load/unload structure 38 during load/unload operations.
    </p>
    <p num="18">
      Referring to FIGS. 3 and 4, in one embodiment, the load/unload structure of the present invention generally comprises an elongated body 50, a plurality of ramps 52 and a base 54.
      <br/>
      The structure has one or more holes in the body for mounting the structure on a support shaft secured to the base plate of the disk drive.
      <br/>
      Suitably, the body is integrally formed with lugs 56 and 58 for mounting the body onto a support shaft.
      <br/>
      The base 54 is provided with at least one hole 59 preferably threaded to enable the base 54 to be fixedly secured to the base plate with a screw.
      <br/>
      The load/unload structure is generally cantilevered in that it will have a body height/base length aspect ratio of about 2:1 to about 3:1, suitably greater than about 2:1 (i.e., 2.0).
      <br/>
      The height of the body of the structure is shown as 57 and the length of the base is shown as 59, suitably extending outwardly under the ramps.
      <br/>
      The load/unload structure is preferably made of polymer material, e.g., liquid crystalline polymer such as copolyesters of 4-hydroxybenzoic acid and 6-hydroxy-2-naphthoic acid (HAHN), polyacetals, or polyetheretherketone (PEEK).
      <br/>
      The polymer can also have fillers such as polytetrafluorethylene (PTFE).
    </p>
    <p num="19">
      Referring to FIG. 5, a ramp 60 is positioned adjacent a thin film disk 62.
      <br/>
      The vertical clearance 64 between the ramp structure and the rotating disk is generally very small (e.g., about 200 microns).
      <br/>
      To unload the head from the disk, the tab 66 of the actuator is moved onto the inclined surface 68 of ramp 60.
    </p>
    <p num="20">
      Referring to FIG. 6, the lugs 80 of load/unload structure 81 of the present invention are mounted onto a support shaft 82 which is secured to base plate 84 of the disk drive.
      <br/>
      The support shaft 82 preferably extends along at least about one-half the height of the body 85 of the load/unload structure to minimize any offset due to clearance tolerance in the holes in lugs 80.
      <br/>
      The load/unload structure is then rotated into position with the ramps interleaving the disk stack 87 as shown in FIG. 5.
      <br/>
      The structure is then preferably fixedly secured to the base plate by passing a screw through a hole 88 in the base plate and screwing it into the base of the load/unload structure.
    </p>
    <p num="21">
      Referring to FIG. 7, there is shown another embodiment of the load/unload structure of the present invention comprising body 70, ramps 72, lugs 74 and 75 and base 76.
      <br/>
      Base 76 is provided with a threaded metal insert 78 which is positioned over a hole in the base plate.
      <br/>
      The metal insert enables the base of the structure to be fixedly secured to the base plate without distorting the ramp.
      <br/>
      Preferably, the insert is provided with a counter bore for receiving a screw having a shoulder for more precise alignment defining the tertiary assembly datum.
      <br/>
      Preferably the insert extends out from the bottom surface 79 of the base to provide annular surface contact with the base plate defining the secondary assembly datum.
    </p>
    <p num="22">
      The load/unload structure of the present invention has improved perpendicularity to the base plate of the disk drive and, accordingly, improved alignment of the individual ramps with the individual thin film disks as well as improved alignment with the actuator suspension tabs.
      <br/>
      Further, the load/unload structure is less susceptible to damage during the manufacturing process.
    </p>
    <p num="23">Although the present invention has been described with respect to specific embodiments, the details thereof are not to be construed as limitations, for it will be apparent that various embodiments, changes and modifications may be resorted to without departing from the spirit and scope thereof; and it is understood that such equivalent embodiments are intended to be included within the scope of this invention.</p>
  </description>
  <claims format="original" lang="en" id="claim_en">
    <claim num="1">
      <claim-text>We claim:</claim-text>
      <claim-text>1.</claim-text>
      <claim-text>A magnetic recording device for reading or writing magnetically, comprising:</claim-text>
      <claim-text>(i) a base plate; (ii) a plurality of magnetic disks, each comprising a substrate and a magnetic layer; (iii) a hub fixedly attached to the disks for supporting the disks; (iv) a motor attached to the base plate and operable to rotate the hub; (v) a plurality of magnetic read/write heads, each associated with the surface of a disk; (vi) an actuator for supporting the heads and moving the heads across the disks; (vii) a support shaft attached to the base plate;</claim-text>
      <claim-text>and (viii) a load/unload structure for displacing the heads from the disk comprising (a) an elongated body having a height H, (b) a base portion having a length L and fixedly attached to the base plate, and (c) a plurality of ramps extending outwardly from the body, the structure mounted through one or more holes in the body onto the support shaft so that the support shaft extends along a portion of the height of the elongated body to support the structure in an upright position substantially perpendicular to the base plate, the structure having an H/L aspect ratio of greater than about 2.</claim-text>
    </claim>
    <claim num="2">
      <claim-text>2. The device of claim 1 wherein the load/unload structure has greater than five ramps.</claim-text>
    </claim>
    <claim num="3">
      <claim-text>3. The device of claim 1 wherein the support shaft extends along at least about one-half of the height of the body.</claim-text>
    </claim>
    <claim num="4">
      <claim-text>4. The device of claim 1 wherein the base of the load/unload structure has a hole with a counter bore for receiving a screw with a shoulder to fixedly attach the base to the base plate.</claim-text>
    </claim>
    <claim num="5">
      <claim-text>5. The device of claim 4 wherein a cylindrical metal insert for receiving a screw is inserted into the counter bore.</claim-text>
    </claim>
    <claim num="6">
      <claim-text>6. The device of claim 5 wherein the insert extends beyond the surface of the base.</claim-text>
    </claim>
    <claim num="7">
      <claim-text>7. The device of claim 1 wherein the one or more holes in the body of the load/unload structure are lug shaped and positioned along the height of the elongated body.</claim-text>
    </claim>
  </claims>
</questel-patent-document>