<?xml version="1.0" encoding="UTF-8"?>
<questel-patent-document lang="en" date-produced="20180805" produced-by="Questel" schema-version="3.23" file="USD0436614S1.xml">
  <bibliographic-data lang="en">
    <publication-reference publ-desc="Design patent">
      <document-id>
        <country>US</country>
        <doc-number>D0436614</doc-number>
        <kind>S1</kind>
        <date>20010123</date>
      </document-id>
      <document-id data-format="questel">
        <doc-number>USD436614</doc-number>
      </document-id>
    </publication-reference>
    <original-publication-kind>S1</original-publication-kind>
    <application-reference family-id="22279823" extended-family-id="63543487">
      <document-id>
        <country>US</country>
        <doc-number>29115501F</doc-number>
        <kind>F</kind>
        <date>19991215</date>
      </document-id>
      <document-id data-format="questel">
        <doc-number>1999US-29115501</doc-number>
      </document-id>
      <document-id data-format="questel_Uid">
        <doc-number>64780131</doc-number>
      </document-id>
    </application-reference>
    <language-of-filing>en</language-of-filing>
    <language-of-publication>en</language-of-publication>
    <priority-claims>
      <priority-claim kind="national" sequence="1">
        <country>US</country>
        <doc-number>11550199</doc-number>
        <kind>F</kind>
        <date>19991215</date>
        <priority-active-indicator>N</priority-active-indicator>
      </priority-claim>
      <priority-claim data-format="questel" sequence="1">
        <doc-number>1999US-29115501</doc-number>
      </priority-claim>
      <priority-claim kind="national" sequence="2">
        <country>US</country>
        <doc-number>10044899</doc-number>
        <kind>F</kind>
        <date>19990211</date>
        <priority-linkage-type>3</priority-linkage-type>
        <priority-active-indicator>Y</priority-active-indicator>
      </priority-claim>
      <priority-claim data-format="questel" sequence="2">
        <doc-number>1999US-29100448</doc-number>
      </priority-claim>
    </priority-claims>
    <dates-of-public-availability>
      <publication-of-grant-date>
        <date>20010123</date>
      </publication-of-grant-date>
    </dates-of-public-availability>
    <term-of-grant>
      <disclaimer/>
    </term-of-grant>
    <classification-national>
      <country>US</country>
      <main-classification>
        <text>D16321000</text>
        <class>D16</class>
        <subclass>321000</subclass>
      </main-classification>
      <further-classification sequence="1">
        <text>D16326000</text>
        <class>D16</class>
        <subclass>326000</subclass>
      </further-classification>
    </classification-national>
    <number-of-claims>1</number-of-claims>
    <exemplary-claim>1</exemplary-claim>
    <figures>
      <number-of-drawing-sheets>2</number-of-drawing-sheets>
      <number-of-figures>4</number-of-figures>
      <image-key data-format="questel">USD436614</image-key>
    </figures>
    <invention-title format="original" lang="en" id="title_en">Eyeglass frame</invention-title>
    <references-cited>
      <citation srep-phase="examiner">
        <patcit num="1">
          <document-id>
            <country>US</country>
            <doc-number>D. 124271</doc-number>
          </document-id>
          <document-id data-format="questel">
            <doc-number>USD124271</doc-number>
          </document-id>
        </patcit>
      </citation>
      <citation srep-phase="examiner">
        <patcit num="2">
          <document-id>
            <country>US</country>
            <doc-number>D. 169570</doc-number>
          </document-id>
          <document-id data-format="questel">
            <doc-number>USD169570</doc-number>
          </document-id>
        </patcit>
      </citation>
      <citation srep-phase="examiner">
        <patcit num="3">
          <document-id>
            <country>US</country>
            <doc-number>D. 204320</doc-number>
          </document-id>
          <document-id data-format="questel">
            <doc-number>USD204320</doc-number>
          </document-id>
        </patcit>
      </citation>
      <citation srep-phase="examiner">
        <patcit num="4">
          <document-id>
            <country>US</country>
            <doc-number>D. 321702</doc-number>
          </document-id>
          <document-id data-format="questel">
            <doc-number>USD321702</doc-number>
          </document-id>
        </patcit>
      </citation>
      <citation srep-phase="examiner">
        <patcit num="5">
          <document-id>
            <country>US</country>
            <doc-number>D. 354763</doc-number>
          </document-id>
          <document-id data-format="questel">
            <doc-number>USD354763</doc-number>
          </document-id>
        </patcit>
      </citation>
      <citation srep-phase="examiner">
        <patcit num="6">
          <document-id>
            <country>US</country>
            <doc-number>D. 371382</doc-number>
          </document-id>
          <document-id data-format="questel">
            <doc-number>USD371382</doc-number>
          </document-id>
        </patcit>
      </citation>
      <citation srep-phase="examiner">
        <patcit num="7">
          <document-id>
            <country>US</country>
            <doc-number>D. 391598</doc-number>
          </document-id>
          <document-id data-format="questel">
            <doc-number>USD391598</doc-number>
          </document-id>
        </patcit>
      </citation>
      <citation srep-phase="examiner">
        <patcit num="8">
          <document-id>
            <country>US</country>
            <doc-number>D. 400229</doc-number>
          </document-id>
          <document-id data-format="questel">
            <doc-number>USD400229</doc-number>
          </document-id>
        </patcit>
      </citation>
      <citation srep-phase="examiner">
        <patcit num="9">
          <document-id>
            <country>US</country>
            <doc-number>3689136</doc-number>
          </document-id>
          <document-id data-format="questel">
            <doc-number>US3689136</doc-number>
          </document-id>
        </patcit>
      </citation>
    </references-cited>
    <related-documents>
      <division>
        <relation>
          <parent-doc>
            <document-id>
              <country>US</country>
              <doc-number>10044899</doc-number>
              <kind>F</kind>
              <date>19990211</date>
            </document-id>
          </parent-doc>
        </relation>
        <relation>
          <parent-doc>
            <document-id>
              <country>US</country>
              <doc-number>DES. 419175</doc-number>
              <kind>A</kind>
            </document-id>
          </parent-doc>
        </relation>
      </division>
    </related-documents>
    <parties>
      <applicants>
        <applicant app-type="applicant" sequence="1">
          <addressbook lang="en">
            <name>GRIMALDI JOEL A.</name>
          </addressbook>
        </applicant>
      </applicants>
      <inventors>
        <inventor data-format="original" sequence="1">
          <addressbook lang="en">
            <name>Grimaldi, Joel A.</name>
            <address>
              <address-1>Pittsford, NY, 14534, US</address-1>
              <city>Pittsford</city>
              <state>NY</state>
              <postcode>14534</postcode>
              <country>US</country>
            </address>
          </addressbook>
          <nationality>
            <country>US</country>
          </nationality>
        </inventor>
      </inventors>
      <agents>
        <agent sequence="1" rep-type="agent">
          <addressbook lang="en">
            <name>Trapani, P.C., Lawrence P.</name>
          </addressbook>
        </agent>
      </agents>
    </parties>
    <examiners>
      <primary-examiner>
        <name>Barkai, Raphael</name>
      </primary-examiner>
    </examiners>
    <lgst-data>
      <lgst-status>EXPIRED</lgst-status>
    </lgst-data>
  </bibliographic-data>
  <description format="original" lang="en" id="desc_en">
    <p num="1">
      FIG. 1 is a front perspective view of an eyeglass frame showing my new design;
      <br/>
      FIG. 2 is a rear perspective view thereof;
      <br/>
      FIG. 3 is a front perspective view of a first modified embodiment of the design shown in FIGS. 1-2, the modification concerning the design at the bows of the frames; and,
      <br/>
      FIG. 4 is a front perspective view of a second modified embodiment of the design shown in FIGS. 1-2, the modification concerning the design at the bows of the frames.
      <br/>
      The broken lines shown in FIGS. 1 through 4 are for illustrative purposes only and form no part of the claimed design.
    </p>
  </description>
  <claims format="original" lang="en" id="claim_en">
    <claim num="1">
      <claim-text>The ornamental design for an eyeglass frame, as shown and described.</claim-text>
    </claim>
  </claims>
</questel-patent-document>