<?xml version="1.0" encoding="UTF-8"?>
<questel-patent-document lang="en" date-produced="20180805" produced-by="Questel" schema-version="3.23" file="USD0436449S1.xml">
  <bibliographic-data lang="en">
    <publication-reference publ-desc="Design patent">
      <document-id>
        <country>US</country>
        <doc-number>D0436449</doc-number>
        <kind>S1</kind>
        <date>20010123</date>
      </document-id>
      <document-id data-format="questel">
        <doc-number>USD436449</doc-number>
      </document-id>
    </publication-reference>
    <original-publication-kind>S1</original-publication-kind>
    <application-reference family-id="22192905" extended-family-id="38781243">
      <document-id>
        <country>US</country>
        <doc-number>29085631F</doc-number>
        <kind>F</kind>
        <date>19980327</date>
      </document-id>
      <document-id data-format="questel">
        <doc-number>1998US-29085631</doc-number>
      </document-id>
      <document-id data-format="questel_Uid">
        <doc-number>39597134</doc-number>
      </document-id>
    </application-reference>
    <language-of-filing>en</language-of-filing>
    <language-of-publication>en</language-of-publication>
    <priority-claims>
      <priority-claim kind="national" sequence="1">
        <country>US</country>
        <doc-number>8563198</doc-number>
        <kind>F</kind>
        <date>19980327</date>
        <priority-active-indicator>Y</priority-active-indicator>
      </priority-claim>
      <priority-claim data-format="questel" sequence="1">
        <doc-number>1998US-29085631</doc-number>
      </priority-claim>
    </priority-claims>
    <dates-of-public-availability>
      <publication-of-grant-date>
        <date>20010123</date>
      </publication-of-grant-date>
    </dates-of-public-availability>
    <term-of-grant>
      <disclaimer/>
    </term-of-grant>
    <classification-national>
      <country>US</country>
      <main-classification>
        <text>D04135000</text>
        <class>D04</class>
        <subclass>135000</subclass>
      </main-classification>
      <further-classification sequence="1">
        <text>D28007000</text>
        <class>D28</class>
        <subclass>007000</subclass>
      </further-classification>
      <further-classification sequence="2">
        <text>D28057000</text>
        <class>D28</class>
        <subclass>057000</subclass>
      </further-classification>
    </classification-national>
    <number-of-claims>1</number-of-claims>
    <exemplary-claim>1</exemplary-claim>
    <figures>
      <number-of-drawing-sheets>2</number-of-drawing-sheets>
      <number-of-figures>7</number-of-figures>
      <image-key data-format="questel">USD436449</image-key>
    </figures>
    <invention-title format="original" lang="en" id="title_en">Manicure brush</invention-title>
    <references-cited>
      <citation srep-phase="examiner">
        <patcit num="1">
          <document-id>
            <country>US</country>
            <doc-number>D. 297889</doc-number>
          </document-id>
          <document-id data-format="questel">
            <doc-number>USD297889</doc-number>
          </document-id>
        </patcit>
      </citation>
      <citation srep-phase="examiner">
        <patcit num="2">
          <document-id>
            <country>US</country>
            <doc-number>D. 306493</doc-number>
          </document-id>
          <document-id data-format="questel">
            <doc-number>USD306493</doc-number>
          </document-id>
        </patcit>
      </citation>
      <citation srep-phase="examiner">
        <patcit num="3">
          <document-id>
            <country>US</country>
            <doc-number>2442503</doc-number>
          </document-id>
          <document-id data-format="questel">
            <doc-number>US2442503</doc-number>
          </document-id>
        </patcit>
      </citation>
      <citation srep-phase="examiner">
        <patcit num="4">
          <document-id>
            <country>US</country>
            <doc-number>2467570</doc-number>
          </document-id>
          <document-id data-format="questel">
            <doc-number>US2467570</doc-number>
          </document-id>
        </patcit>
      </citation>
      <citation srep-phase="examiner">
        <patcit num="5">
          <document-id>
            <country>US</country>
            <doc-number>2517283</doc-number>
          </document-id>
          <document-id data-format="questel">
            <doc-number>US2517283</doc-number>
          </document-id>
        </patcit>
      </citation>
      <citation srep-phase="examiner">
        <patcit num="6">
          <document-id>
            <country>US</country>
            <doc-number>4886078</doc-number>
          </document-id>
          <document-id data-format="questel">
            <doc-number>US4886078</doc-number>
          </document-id>
        </patcit>
      </citation>
      <citation srep-phase="examiner">
        <patcit num="7">
          <document-id>
            <country>US</country>
            <doc-number>4998315</doc-number>
          </document-id>
          <document-id data-format="questel">
            <doc-number>US4998315</doc-number>
          </document-id>
        </patcit>
      </citation>
      <citation srep-phase="examiner">
        <patcit num="8">
          <document-id>
            <country>US</country>
            <doc-number>5220702</doc-number>
          </document-id>
          <document-id data-format="questel">
            <doc-number>US5220702</doc-number>
          </document-id>
        </patcit>
      </citation>
      <citation srep-phase="examiner">
        <patcit num="9">
          <document-id>
            <country>US</country>
            <doc-number>5542144</doc-number>
          </document-id>
          <document-id data-format="questel">
            <doc-number>US5542144</doc-number>
          </document-id>
        </patcit>
      </citation>
      <citation srep-phase="examiner">
        <patcit num="10">
          <document-id>
            <country>CA</country>
            <doc-number>2023592</doc-number>
          </document-id>
          <document-id data-format="questel">
            <doc-number>CA2023592</doc-number>
          </document-id>
        </patcit>
      </citation>
      <citation srep-phase="examiner">
        <patcit num="11">
          <document-id>
            <country>DE</country>
            <doc-number>886735</doc-number>
          </document-id>
          <document-id data-format="questel">
            <doc-number>DE-886735</doc-number>
          </document-id>
        </patcit>
      </citation>
      <citation srep-phase="examiner">
        <patcit num="12">
          <document-id>
            <country>FR</country>
            <doc-number>2642283</doc-number>
          </document-id>
          <document-id data-format="questel">
            <doc-number>FR2642283</doc-number>
          </document-id>
        </patcit>
      </citation>
      <citation srep-phase="examiner">
        <patcit num="13">
          <document-id>
            <country>GB</country>
            <doc-number>276523</doc-number>
          </document-id>
          <document-id data-format="questel">
            <doc-number>GB-276523</doc-number>
          </document-id>
        </patcit>
      </citation>
    </references-cited>
    <parties>
      <applicants>
        <applicant data-format="original" app-type="applicant" sequence="1">
          <addressbook lang="en">
            <orgname>Hydrabaths, Inc.</orgname>
            <address>
              <address-1>Santa Ana, CA, US</address-1>
              <city>Santa Ana</city>
              <state>CA</state>
              <country>US</country>
            </address>
          </addressbook>
          <nationality>
            <country>US</country>
          </nationality>
        </applicant>
        <applicant data-format="questel" app-type="applicant" sequence="2">
          <addressbook lang="en">
            <orgname>HYDRABATHS</orgname>
          </addressbook>
          <nationality>
            <country>US</country>
          </nationality>
        </applicant>
      </applicants>
      <inventors>
        <inventor data-format="original" sequence="1">
          <addressbook lang="en">
            <name>Baltierra, Julie</name>
            <address>
              <address-1>Irvine, CA, US</address-1>
              <city>Irvine</city>
              <state>CA</state>
              <country>US</country>
            </address>
          </addressbook>
          <nationality>
            <country>US</country>
          </nationality>
        </inventor>
      </inventors>
      <agents>
        <agent sequence="1" rep-type="agent">
          <addressbook lang="en">
            <name>Tachner, Leonard</name>
          </addressbook>
        </agent>
      </agents>
    </parties>
    <examiners>
      <primary-examiner>
        <name>Barkai, Raphael</name>
      </primary-examiner>
    </examiners>
    <lgst-data>
      <lgst-status>EXPIRED</lgst-status>
    </lgst-data>
  </bibliographic-data>
  <description format="original" lang="en" id="desc_en">
    <p num="1">
      FIG. 1 is a three-dimensional view of a manicuring brush in accordance with the present invention;
      <br/>
      FIG. 2 is a top view of the invention;
      <br/>
      FIG. 3 is a bottom view thereof;
      <br/>
      FIG. 4 is a left side view thereof;
      <br/>
      FIG. 5 is a right view thereof;
      <br/>
      FIG. 6 is a back view thereof; and,
      <br/>
      FIG. 7 is a front view thereof.
      <br/>
      The broken line showing of the handle for illustrative purposes only and forms no part of the claimed design.
    </p>
  </description>
  <claims format="original" lang="en" id="claim_en">
    <claim num="1">
      <claim-text>The ornamental design for "manicure brush", as shown and described.</claim-text>
    </claim>
  </claims>
</questel-patent-document>