<?xml version="1.0" encoding="UTF-8"?>
<questel-patent-document lang="en" date-produced="20180805" produced-by="Questel" schema-version="3.23" file="USD0436565S1.xml">
  <bibliographic-data lang="en">
    <publication-reference publ-desc="Design patent">
      <document-id>
        <country>US</country>
        <doc-number>D0436565</doc-number>
        <kind>S1</kind>
        <date>20010123</date>
      </document-id>
      <document-id data-format="questel">
        <doc-number>USD436565</doc-number>
      </document-id>
    </publication-reference>
    <original-publication-kind>S1</original-publication-kind>
    <application-reference family-id="22368936" extended-family-id="38781760">
      <document-id>
        <country>US</country>
        <doc-number>29125158F</doc-number>
        <kind>F</kind>
        <date>20000620</date>
      </document-id>
      <document-id data-format="questel">
        <doc-number>2000US-29125158</doc-number>
      </document-id>
      <document-id data-format="questel_Uid">
        <doc-number>51800262</doc-number>
      </document-id>
    </application-reference>
    <language-of-filing>en</language-of-filing>
    <language-of-publication>en</language-of-publication>
    <priority-claims>
      <priority-claim kind="national" sequence="1">
        <country>US</country>
        <doc-number>12515800</doc-number>
        <kind>F</kind>
        <date>20000620</date>
        <priority-active-indicator>N</priority-active-indicator>
      </priority-claim>
      <priority-claim data-format="questel" sequence="1">
        <doc-number>2000US-29125158</doc-number>
      </priority-claim>
      <priority-claim kind="national" sequence="2">
        <country>US</country>
        <doc-number>11674200</doc-number>
        <kind>F</kind>
        <date>20000111</date>
        <priority-linkage-type>3</priority-linkage-type>
        <priority-active-indicator>Y</priority-active-indicator>
      </priority-claim>
      <priority-claim data-format="questel" sequence="2">
        <doc-number>2000US-29116742</doc-number>
      </priority-claim>
    </priority-claims>
    <dates-of-public-availability>
      <publication-of-grant-date>
        <date>20010123</date>
      </publication-of-grant-date>
    </dates-of-public-availability>
    <term-of-grant>
      <disclaimer/>
    </term-of-grant>
    <classification-national>
      <country>US</country>
      <main-classification>
        <text>D12192000</text>
        <class>D12</class>
        <subclass>192000</subclass>
      </main-classification>
    </classification-national>
    <number-of-claims>1</number-of-claims>
    <exemplary-claim>1</exemplary-claim>
    <figures>
      <number-of-drawing-sheets>2</number-of-drawing-sheets>
      <number-of-figures>2</number-of-figures>
      <image-key data-format="questel">USD436565</image-key>
    </figures>
    <invention-title format="original" lang="en" id="title_en">Vehicle instrument cluster</invention-title>
    <references-cited>
      <citation srep-phase="examiner">
        <patcit num="1">
          <document-id>
            <country>US</country>
            <doc-number>D. 54194</doc-number>
          </document-id>
          <document-id data-format="questel">
            <doc-number>USD54194</doc-number>
          </document-id>
        </patcit>
      </citation>
      <citation srep-phase="examiner">
        <patcit num="2">
          <document-id>
            <country>US</country>
            <doc-number>D. 73347</doc-number>
          </document-id>
          <document-id data-format="questel">
            <doc-number>USD73347</doc-number>
          </document-id>
        </patcit>
      </citation>
      <citation srep-phase="examiner">
        <patcit num="3">
          <document-id>
            <country>US</country>
            <doc-number>D. 195783</doc-number>
          </document-id>
          <document-id data-format="questel">
            <doc-number>USD195783</doc-number>
          </document-id>
        </patcit>
      </citation>
      <citation srep-phase="examiner">
        <patcit num="4">
          <document-id>
            <country>US</country>
            <doc-number>D. 249247</doc-number>
          </document-id>
          <document-id data-format="questel">
            <doc-number>USD249247</doc-number>
          </document-id>
        </patcit>
      </citation>
      <citation srep-phase="examiner">
        <patcit num="5">
          <document-id>
            <country>US</country>
            <doc-number>D. 279975</doc-number>
          </document-id>
          <document-id data-format="questel">
            <doc-number>USD279975</doc-number>
          </document-id>
        </patcit>
      </citation>
      <citation srep-phase="examiner">
        <patcit num="6">
          <document-id>
            <country>US</country>
            <doc-number>D. 375477</doc-number>
          </document-id>
          <document-id data-format="questel">
            <doc-number>USD375477</doc-number>
          </document-id>
        </patcit>
      </citation>
      <citation srep-phase="examiner">
        <patcit num="7">
          <document-id>
            <country>US</country>
            <doc-number>D. 381614</doc-number>
          </document-id>
          <document-id data-format="questel">
            <doc-number>USD381614</doc-number>
          </document-id>
        </patcit>
      </citation>
      <citation srep-phase="examiner">
        <patcit num="8">
          <document-id>
            <country>US</country>
            <doc-number>D. 401201</doc-number>
          </document-id>
          <document-id data-format="questel">
            <doc-number>USD401201</doc-number>
          </document-id>
        </patcit>
      </citation>
      <citation srep-phase="examiner">
        <patcit num="9">
          <document-id>
            <country>US</country>
            <doc-number>D. 413294</doc-number>
          </document-id>
          <document-id data-format="questel">
            <doc-number>USD413294</doc-number>
          </document-id>
        </patcit>
      </citation>
    </references-cited>
    <related-documents>
      <division>
        <relation>
          <parent-doc>
            <document-id>
              <country>US</country>
              <doc-number>11674200</doc-number>
              <kind>F</kind>
              <date>20000111</date>
            </document-id>
          </parent-doc>
        </relation>
      </division>
    </related-documents>
    <parties>
      <applicants>
        <applicant data-format="original" app-type="applicant" sequence="1">
          <addressbook lang="en">
            <orgname>Giken Kogyo Kabushiki Kaisha</orgname>
            <address>
              <address-1>JP</address-1>
              <country>JP</country>
            </address>
          </addressbook>
          <nationality>
            <country>JP</country>
          </nationality>
        </applicant>
        <applicant data-format="questel" app-type="applicant" sequence="2">
          <addressbook lang="en">
            <orgname>GIKEN KOGYO</orgname>
          </addressbook>
          <nationality>
            <country>JP</country>
          </nationality>
        </applicant>
      </applicants>
      <inventors>
        <inventor data-format="original" sequence="1">
          <addressbook lang="en">
            <name>Tsay, Michael</name>
            <address>
              <address-1>Irving, CA, US</address-1>
              <city>Irving</city>
              <state>CA</state>
              <country>US</country>
            </address>
          </addressbook>
          <nationality>
            <country>US</country>
          </nationality>
        </inventor>
        <inventor data-format="original" sequence="2">
          <addressbook lang="en">
            <name>Norman, Jonathan D.</name>
            <address>
              <address-1>Santa Monica, CA, US</address-1>
              <city>Santa Monica</city>
              <state>CA</state>
              <country>US</country>
            </address>
          </addressbook>
          <nationality>
            <country>US</country>
          </nationality>
        </inventor>
      </inventors>
      <agents>
        <agent sequence="1" rep-type="agent">
          <addressbook lang="en">
            <orgname>Banner &amp; Witcoff, Ltd.</orgname>
          </addressbook>
        </agent>
      </agents>
    </parties>
    <examiners>
      <primary-examiner>
        <name>Cadmus, Stacia</name>
      </primary-examiner>
    </examiners>
    <lgst-data>
      <lgst-status>EXPIRED</lgst-status>
    </lgst-data>
  </bibliographic-data>
  <description format="original" lang="en" id="desc_en">
    <p num="1">
      FIG. 1 is a perspective view of a vehicle instrument cluster showing our new design; and,
      <br/>
      FIG. 2 is a plan view thereof.
      <br/>
      The broken line depictions of the circular center pieces, needles and indicators are for illustrative purposes only and form no part of the claimed design.
    </p>
  </description>
  <claims format="original" lang="en" id="claim_en">
    <claim num="1">
      <claim-text>The ornamental design for a vehicle instrument cluster, as shown and described.</claim-text>
    </claim>
  </claims>
</questel-patent-document>