<?xml version="1.0" encoding="UTF-8"?>
<questel-patent-document lang="en" date-produced="20180805" produced-by="Questel" schema-version="3.23" file="USD0436635S1.xml">
  <bibliographic-data lang="en">
    <publication-reference publ-desc="Design patent">
      <document-id>
        <country>US</country>
        <doc-number>D0436635</doc-number>
        <kind>S1</kind>
        <date>20010123</date>
      </document-id>
      <document-id data-format="questel">
        <doc-number>USD436635</doc-number>
      </document-id>
    </publication-reference>
    <original-publication-kind>S1</original-publication-kind>
    <application-reference family-id="21704908" extended-family-id="38782107">
      <document-id>
        <country>US</country>
        <doc-number>29103297F</doc-number>
        <kind>F</kind>
        <date>19990412</date>
      </document-id>
      <document-id data-format="questel">
        <doc-number>1999US-29103297</doc-number>
      </document-id>
      <document-id data-format="questel_Uid">
        <doc-number>46458634</doc-number>
      </document-id>
    </application-reference>
    <language-of-filing>en</language-of-filing>
    <language-of-publication>en</language-of-publication>
    <priority-claims>
      <priority-claim kind="national" sequence="1">
        <country>US</country>
        <doc-number>10329799</doc-number>
        <kind>F</kind>
        <date>19990412</date>
        <priority-active-indicator>N</priority-active-indicator>
      </priority-claim>
      <priority-claim data-format="questel" sequence="1">
        <doc-number>1999US-29103297</doc-number>
      </priority-claim>
      <priority-claim kind="national" sequence="2">
        <country>US</country>
        <doc-number>324698</doc-number>
        <kind>F</kind>
        <date>19980106</date>
        <priority-linkage-type>1</priority-linkage-type>
        <priority-active-indicator>Y</priority-active-indicator>
      </priority-claim>
      <priority-claim data-format="questel" sequence="2">
        <doc-number>1998US-29003246</doc-number>
      </priority-claim>
    </priority-claims>
    <dates-of-public-availability>
      <publication-of-grant-date>
        <date>20010123</date>
      </publication-of-grant-date>
    </dates-of-public-availability>
    <term-of-grant>
      <disclaimer/>
    </term-of-grant>
    <classification-national>
      <country>US</country>
      <main-classification>
        <text>D21373000</text>
        <class>D21</class>
        <subclass>373000</subclass>
      </main-classification>
    </classification-national>
    <number-of-claims>1</number-of-claims>
    <exemplary-claim>1</exemplary-claim>
    <figures>
      <number-of-drawing-sheets>1</number-of-drawing-sheets>
      <number-of-figures>5</number-of-figures>
      <image-key data-format="questel">USD436635</image-key>
    </figures>
    <invention-title format="original" lang="en" id="title_en">Game playing die</invention-title>
    <references-cited>
      <citation srep-phase="examiner">
        <patcit num="1">
          <document-id>
            <country>US</country>
            <doc-number>D. 232652</doc-number>
          </document-id>
          <document-id data-format="questel">
            <doc-number>USD232652</doc-number>
          </document-id>
        </patcit>
      </citation>
      <citation srep-phase="examiner">
        <patcit num="2">
          <document-id>
            <country>US</country>
            <doc-number>D. 267569</doc-number>
          </document-id>
          <document-id data-format="questel">
            <doc-number>USD267569</doc-number>
          </document-id>
        </patcit>
      </citation>
      <citation srep-phase="examiner">
        <patcit num="3">
          <document-id>
            <country>US</country>
            <doc-number>D. 402226</doc-number>
          </document-id>
          <document-id data-format="questel">
            <doc-number>USD402226</doc-number>
          </document-id>
        </patcit>
      </citation>
      <citation srep-phase="examiner">
        <patcit num="4">
          <document-id>
            <country>US</country>
            <doc-number>3904208</doc-number>
          </document-id>
          <document-id data-format="questel">
            <doc-number>US3904208</doc-number>
          </document-id>
        </patcit>
      </citation>
      <citation srep-phase="examiner">
        <patcit num="5">
          <document-id>
            <country>US</country>
            <doc-number>5203562</doc-number>
          </document-id>
          <document-id data-format="questel">
            <doc-number>US5203562</doc-number>
          </document-id>
        </patcit>
      </citation>
      <citation srep-phase="examiner">
        <patcit num="6">
          <document-id>
            <country>US</country>
            <doc-number>5690331</doc-number>
          </document-id>
          <document-id data-format="questel">
            <doc-number>US5690331</doc-number>
          </document-id>
        </patcit>
      </citation>
      <citation srep-phase="third_party">
        <patcit num="7">
          <document-id>
            <country>US</country>
            <doc-number>1271551</doc-number>
          </document-id>
          <document-id data-format="questel">
            <doc-number>US1271551</doc-number>
          </document-id>
        </patcit>
      </citation>
      <citation srep-phase="third_party">
        <patcit num="8">
          <document-id>
            <country>US</country>
            <doc-number>1795562</doc-number>
          </document-id>
          <document-id data-format="questel">
            <doc-number>US1795562</doc-number>
          </document-id>
        </patcit>
      </citation>
      <citation srep-phase="third_party">
        <patcit num="9">
          <document-id>
            <country>US</country>
            <doc-number>4239226</doc-number>
          </document-id>
          <document-id data-format="questel">
            <doc-number>US4239226</doc-number>
          </document-id>
        </patcit>
      </citation>
      <citation srep-phase="third_party">
        <patcit num="10">
          <document-id>
            <country>US</country>
            <doc-number>5150900</doc-number>
          </document-id>
          <document-id data-format="questel">
            <doc-number>US5150900</doc-number>
          </document-id>
        </patcit>
      </citation>
      <citation srep-phase="third_party">
        <patcit num="11">
          <document-id>
            <country>US</country>
            <doc-number>5224708</doc-number>
          </document-id>
          <document-id data-format="questel">
            <doc-number>US5224708</doc-number>
          </document-id>
        </patcit>
      </citation>
    </references-cited>
    <related-documents>
      <continuation>
        <relation>
          <parent-doc>
            <document-id>
              <country>US</country>
              <doc-number>324698</doc-number>
              <kind>F</kind>
              <date>19980106</date>
            </document-id>
          </parent-doc>
        </relation>
        <relation>
          <parent-doc>
            <document-id>
              <country>US</country>
              <doc-number>5938197</doc-number>
              <kind>A</kind>
            </document-id>
          </parent-doc>
        </relation>
        <relation>
          <parent-doc>
            <document-id>
              <country>US</country>
              <doc-number>09/003246</doc-number>
              <date>19980106</date>
            </document-id>
          </parent-doc>
        </relation>
      </continuation>
    </related-documents>
    <parties>
      <applicants>
        <applicant app-type="applicant" sequence="1">
          <addressbook lang="en">
            <name>BOWLING MICHAEL A.</name>
          </addressbook>
        </applicant>
      </applicants>
      <inventors>
        <inventor data-format="original" sequence="1">
          <addressbook lang="en">
            <name>Bowling, Michael A.</name>
            <address>
              <address-1>Tucson, AZ, 85747, US</address-1>
              <city>Tucson</city>
              <state>AZ</state>
              <postcode>85747</postcode>
              <country>US</country>
            </address>
          </addressbook>
          <nationality>
            <country>US</country>
          </nationality>
        </inventor>
      </inventors>
      <agents>
        <agent sequence="1" rep-type="agent">
          <addressbook lang="en">
            <orgname>Merchant &amp; Gould P.C.</orgname>
          </addressbook>
        </agent>
      </agents>
    </parties>
    <examiners>
      <primary-examiner>
        <name>Morris, Sandra L.</name>
      </primary-examiner>
    </examiners>
    <lgst-data>
      <lgst-status>EXPIRED</lgst-status>
    </lgst-data>
  </bibliographic-data>
  <description format="original" lang="en" id="desc_en">
    <p num="1">
      FIG. 1 is a perspective view of a game playing die, embodying my new design;
      <br/>
      FIG. 2 is a top plan view of the game playing die depicted in FIG. 1;
      <br/>
      FIG. 3 is a bottom plan view of the game playing die depicted in FIG. 1;
      <br/>
      FIG. 4 is a right elevational view of the game playing die depicted in FIG. 1; the left elevational view being a mirror image thereof; and,
      <br/>
      FIG. 5 is a front end elevational view of the game playing die depicted in FIG. 1; the rear end elevational view being a mirror image thereof.
    </p>
  </description>
  <claims format="original" lang="en" id="claim_en">
    <claim num="1">
      <claim-text>The ornamental design for game playing die, as shown and described.</claim-text>
    </claim>
  </claims>
</questel-patent-document>