<?xml version="1.0" encoding="UTF-8"?>
<questel-patent-document lang="en" date-produced="20180805" produced-by="Questel" schema-version="3.23" file="USD0436597S1.xml">
  <bibliographic-data lang="en">
    <publication-reference publ-desc="Design patent">
      <document-id>
        <country>US</country>
        <doc-number>D0436597</doc-number>
        <kind>S1</kind>
        <date>20010123</date>
      </document-id>
      <document-id data-format="questel">
        <doc-number>USD436597</doc-number>
      </document-id>
    </publication-reference>
    <original-publication-kind>S1</original-publication-kind>
    <application-reference family-id="21676834" extended-family-id="38781912">
      <document-id>
        <country>US</country>
        <doc-number>29118685F</doc-number>
        <kind>F</kind>
        <date>20000214</date>
      </document-id>
      <document-id data-format="questel">
        <doc-number>2000US-29118685</doc-number>
      </document-id>
      <document-id data-format="questel_Uid">
        <doc-number>39597807</doc-number>
      </document-id>
    </application-reference>
    <language-of-filing>en</language-of-filing>
    <language-of-publication>en</language-of-publication>
    <priority-claims>
      <priority-claim kind="national" sequence="1">
        <country>TW</country>
        <doc-number>89300634</doc-number>
        <kind>F</kind>
        <date>20000128</date>
        <priority-active-indicator>Y</priority-active-indicator>
      </priority-claim>
      <priority-claim data-format="questel" sequence="1">
        <doc-number>2000TW-0300634</doc-number>
      </priority-claim>
    </priority-claims>
    <dates-of-public-availability>
      <publication-of-grant-date>
        <date>20010123</date>
      </publication-of-grant-date>
    </dates-of-public-availability>
    <term-of-grant>
      <disclaimer/>
    </term-of-grant>
    <classification-national>
      <country>US</country>
      <main-classification>
        <text>D14441000</text>
        <class>D14</class>
        <subclass>441000</subclass>
      </main-classification>
    </classification-national>
    <number-of-claims>1</number-of-claims>
    <exemplary-claim>1</exemplary-claim>
    <figures>
      <number-of-drawing-sheets>6</number-of-drawing-sheets>
      <number-of-figures>8</number-of-figures>
      <image-key data-format="questel">USD436597</image-key>
    </figures>
    <invention-title format="original" lang="en" id="title_en">Computer front bezel</invention-title>
    <references-cited>
      <citation srep-phase="examiner">
        <patcit num="1">
          <document-id>
            <country>US</country>
            <doc-number>D. 359279</doc-number>
          </document-id>
          <document-id data-format="questel">
            <doc-number>USD359279</doc-number>
          </document-id>
        </patcit>
      </citation>
      <citation srep-phase="examiner">
        <patcit num="2">
          <document-id>
            <country>US</country>
            <doc-number>D. 363477</doc-number>
          </document-id>
          <document-id data-format="questel">
            <doc-number>USD363477</doc-number>
          </document-id>
        </patcit>
      </citation>
      <citation srep-phase="examiner">
        <patcit num="3">
          <document-id>
            <country>US</country>
            <doc-number>D. 390841</doc-number>
          </document-id>
          <document-id data-format="questel">
            <doc-number>USD390841</doc-number>
          </document-id>
        </patcit>
      </citation>
      <citation srep-phase="examiner">
        <patcit num="4">
          <document-id>
            <country>US</country>
            <doc-number>D. 392281</doc-number>
          </document-id>
          <document-id data-format="questel">
            <doc-number>USD392281</doc-number>
          </document-id>
        </patcit>
      </citation>
    </references-cited>
    <parties>
      <applicants>
        <applicant data-format="original" app-type="applicant" sequence="1">
          <addressbook lang="en">
            <orgname>Hon Hai Precision Ind. Co., Ltd.</orgname>
            <address>
              <address-1>Taipei Hsien, TW</address-1>
              <city>Taipei Hsien</city>
              <country>TW</country>
            </address>
          </addressbook>
          <nationality>
            <country>TW</country>
          </nationality>
        </applicant>
        <applicant data-format="questel" app-type="applicant" sequence="2">
          <addressbook lang="en">
            <orgname>HON HAI PRECISION INDUSTRY</orgname>
          </addressbook>
          <nationality>
            <country>TW</country>
          </nationality>
        </applicant>
      </applicants>
      <inventors>
        <inventor data-format="original" sequence="1">
          <addressbook lang="en">
            <name>Ho, Hsiu-Ching</name>
            <address>
              <address-1>Tu-Chen, TW</address-1>
              <city>Tu-Chen</city>
              <country>TW</country>
            </address>
          </addressbook>
          <nationality>
            <country>TW</country>
          </nationality>
        </inventor>
      </inventors>
      <agents>
        <agent sequence="1" rep-type="agent">
          <addressbook lang="en">
            <name>Chung, Wei Te</name>
          </addressbook>
        </agent>
      </agents>
    </parties>
    <examiners>
      <primary-examiner>
        <name>Nunn, Freda</name>
      </primary-examiner>
    </examiners>
    <lgst-data>
      <lgst-status>EXPIRED</lgst-status>
    </lgst-data>
  </bibliographic-data>
  <description format="original" lang="en" id="desc_en">
    <p num="1">
      FIG. 1 is a perspective view of a computer front bezel showing our new design;
      <br/>
      FIG. 2 is a front elevational view thereof;
      <br/>
      FIG. 3 is a rear elevational view thereof;
      <br/>
      FIG. 4 is a left side elevational view thereof;
      <br/>
      FIG. 5 is a right side elevational view thereof;
      <br/>
      FIG. 6 is a top plan view thereof;
      <br/>
      FIG. 7 is a bottom plan view thereof; and,
      <br/>
      FIG. 8 is a reduced perspective view thereof being shown attached to a computer which is shown in broken lines for illustrative purposes only and forms no part of the claimed design.
    </p>
  </description>
  <claims format="original" lang="en" id="claim_en">
    <claim num="1">
      <claim-text>The ornamental design for a computer front bezel, as shown and described.</claim-text>
    </claim>
  </claims>
</questel-patent-document>